"","escola","aluno","logico","verbal","abstrato","espacial","mulher","idade","tratamento"
"89",1,89,-0.23360497428594,1.1886197822376,-0.147603818434792,-0.567020171331012,1,10.3041095890411,0
"151",1,151,-1.13486606906859,0.585658154264344,-1.10281125595217,-1.61972552029554,0,10.6438356164384,0
"152",1,152,-1.13486606906859,-1.22322686582094,-0.147603818434792,-0.567020171331012,1,11.0602739726027,0
"235",1,235,-0.534025361658051,0.585658154264344,0.807603648096085,1.01203809724198,0,11.2630136986301,0
"281",1,281,0.367235679966426,0.585658154264344,-0.147603818434792,-0.0406674151400153,1,11.0465753424658,0
"290",1,290,-0.23360497428594,-0.620265169764927,0.807603648096085,1.01203809724198,1,10.6246575342466,0
"308",1,308,-1.13486606906859,-0.0173035758330364,-1.58041492393725,-0.567020171331012,1,10.4328767123288,0
"344",1,344,0.21702554475436,0.585658154264344,0.807603648096085,1.01203809724198,0,10.6109589041096,0
"345",1,345,0.817866312410827,-1.22322686582094,0.807603648096085,-0.567020171331012,0,10.6109589041096,0
"371",1,371,0.517445815178494,1.1886197822376,-0.625207500926615,-0.0406674151400153,1,11.1479452054795,0
"377",1,377,-1.28507626098271,-0.620265169764927,-1.10281125595217,-1.09337287304952,1,12.6547945205479,0
"417",1,417,0.367235679966426,1.1886197822376,-1.10281125595217,-1.61972552029554,0,10.8465753424658,0
"436",2,436,-0.23360497428594,-2.42915012176746,-2.0580187079763,-1.61972552029554,0,10.7205479452055,1
"508",2,508,0.517445815178494,-0.0173035758330364,-0.147603818434792,0.485685232106011,0,13.1561643835616,1
"548",2,548,-0.984655877154472,-1.8261884937942,-2.0580187079763,-0.0406674151400153,1,12.4958904109589,1
"566",2,566,-1.28507626098271,-1.8261884937942,-1.58041492393725,-1.61972552029554,0,10.6219178082192,1
"567",2,567,0.968076277516742,-0.0173035758330364,0.807603648096085,3.11744868622608,1,11.2630136986301,1
"568",2,568,1.56891704517321,0.585658154264344,-1.10281125595217,1.01203809724198,1,11.2712328767123,1
"585",2,585,-1.58549664481094,-2.42915012176746,-0.625207500926615,-0.0406674151400153,0,11.7095890410959,1
"586",2,586,-0.23360497428594,0.585658154264344,0.807603648096085,-0.0406674151400153,1,11.0712328767123,1
"587",2,587,2.16975781282968,1.1886197822376,2.24041465205131,3.11744868622608,0,10.7342465753425,1
"588",2,588,0.367235679966426,-0.0173035758330364,-0.147603818434792,-0.0406674151400153,1,11.1205479452055,1
"604",2,604,-0.0833948390738734,-1.22322686582094,0.329999980111008,-1.09337287304952,0,11.427397260274,1
"616",2,616,-0.23360497428594,-0.0173035758330364,-1.10281125595217,1.01203809724198,1,10.8849315068493,1
"617",2,617,1.418706739855,-2.42915012176746,-2.0580187079763,1.53839069001552,1,11.3506849315068,1
"679",2,679,1.418706739855,-0.0173035758330364,1.28520731608116,1.53839069001552,1,10.7534246575342,1
"680",2,680,-0.23360497428594,-1.22322686582094,-2.0580187079763,-0.0406674151400153,0,10.8767123287671,1
"681",2,681,-1.43528645289682,-1.22322686582094,-0.147603818434792,1.01203809724198,0,11.3671232876712,1
"682",2,682,-0.534025361658051,-0.620265169764927,-0.625207500926615,1.01203809724198,1,11.3178082191781,1
"683",2,683,0.21702554475436,-0.620265169764927,-1.10281125595217,0.485685232106011,0,10.9780821917808,1
"684",2,684,0.968076277516742,-0.620265169764927,0.807603648096085,-1.09337287304952,1,11.4630136986301,1
"727",2,727,1.56891704517321,-0.0173035758330364,0.807603648096085,0.485685232106011,1,9.81643835616438,1
"728",2,728,1.71912735049142,1.1886197822376,0.807603648096085,-0.0406674151400153,1,10.4328767123288,1
"729",2,729,-0.534025361658051,0.585658154264344,-2.0580187079763,-1.09337287304952,0,10.8054794520548,1
"730",2,730,0.667656120496705,1.1886197822376,0.329999980111008,-0.0406674151400153,1,11.2986301369863,1
"731",2,731,0.968076277516742,-0.0173035758330364,0.329999980111008,1.01203809724198,0,9.75890410958904,1
"732",2,732,-0.0833948390738734,1.1886197822376,0.329999980111008,-0.567020171331012,1,10.7780821917808,1
"785",2,785,1.418706739855,0.585658154264344,-1.10281125595217,-0.567020171331012,1,11.0438356164384,1
"786",2,786,0.968076277516742,-2.42915012176746,-0.625207500926615,0.485685232106011,1,10.786301369863,1
"787",2,787,-0.23360497428594,0.585658154264344,-1.58041492393725,-1.61972552029554,1,10.6657534246575,1
"831",2,831,0.667656120496705,-1.22322686582094,-0.625207500926615,-0.0406674151400153,0,10.7397260273973,1
"842",2,842,0.066815409542292,-1.22322686582094,-0.147603818434792,1.01203809724198,0,11.2465753424658,1
"844",2,844,0.667656120496705,0.585658154264344,0.329999980111008,1.53839069001552,0,13.2684931506849,1
"845",2,845,-0.0833948390738734,-0.620265169764927,-0.147603818434792,-0.0406674151400153,0,14.2109589041096,1
"870",2,870,-0.534025361658051,-0.620265169764927,1.28520731608116,-0.567020171331012,1,13.0602739726027,1
"430",3,430,-0.383815229989862,-0.620265169764927,0.329999980111008,-0.0406674151400153,1,11.5506849315068,1
"453",3,453,-1.73570683672505,0.585658154264344,-0.625207500926615,-0.567020171331012,0,11.4356164383562,1
"474",3,474,-0.0833948390738734,-0.620265169764927,0.807603648096085,-1.09337287304952,0,12.2328767123288,1
"480",3,480,-0.0833948390738734,-1.8261884937942,0.329999980111008,0.485685232106011,0,10.772602739726,1
"485",3,485,0.517445815178494,1.1886197822376,0.329999980111008,1.01203809724198,1,10.8438356164384,1
"486",3,486,-0.383815229989862,0.585658154264344,-0.147603818434792,-0.0406674151400153,1,11.0465753424658,1
"513",3,513,1.56891704517321,1.79158141021087,1.76281098406624,-0.0406674151400153,0,11.386301369863,1
"591",3,591,0.667656120496705,1.1886197822376,-0.147603818434792,0.485685232106011,1,11.0027397260274,1
"659",3,659,-1.28507626098271,-0.620265169764927,-0.625207500926615,-0.0406674151400153,0,10.5178082191781,1
"702",3,702,1.56891704517321,1.1886197822376,-0.147603818434792,2.064743500679,0,11.0904109589041,1
"737",3,737,0.066815409542292,-1.22322686582094,0.329999980111008,-1.09337287304952,1,10.7890410958904,1
"757",3,757,-0.684235564203801,-1.8261884937942,-0.625207500926615,-0.567020171331012,0,11.1260273972603,1
"767",3,767,1.86933765580964,-0.0173035758330364,0.329999980111008,0.485685232106011,1,11.2684931506849,1
"778",3,778,0.817866312410827,1.1886197822376,1.28520731608116,-0.567020171331012,0,12.572602739726,1
"779",3,779,0.667656120496705,0.585658154264344,0.329999980111008,1.01203809724198,0,10.3616438356164,1
"780",3,780,1.56891704517321,-0.0173035758330364,2.24041465205131,1.53839069001552,1,11.2109589041096,1
"781",3,781,1.11828658283496,1.79158141021087,1.28520731608116,-0.0406674151400153,1,10.6767123287671,1
"782",3,782,0.066815409542292,-0.620265169764927,-1.10281125595217,1.53839069001552,1,10.8246575342466,1
"818",3,818,0.817866312410827,-0.0173035758330364,0.329999980111008,0.485685232106011,0,10.6082191780822,1
"830",3,830,-0.383815229989862,-0.620265169764927,0.807603648096085,1.01203809724198,1,10.7369863013699,1
"834",3,834,-0.984655877154472,0.585658154264344,-0.147603818434792,-1.09337287304952,0,10.5753424657534,1
"432",4,432,-1.13486606906859,-1.22322686582094,0.807603648096085,-1.09337287304952,0,10.8465753424658,1
"433",4,433,-0.834445685240356,-2.42915012176746,-0.625207500926615,-1.61972552029554,1,11.2219178082192,1
"434",4,434,-0.383815229989862,-0.0173035758330364,-0.147603818434792,-1.61972552029554,0,14.7452054794521,1
"437",4,437,1.56891704517321,0.585658154264344,0.807603648096085,2.064743500679,0,11.3178082191781,1
"438",4,438,-0.834445685240356,-1.8261884937942,-0.147603818434792,-0.0406674151400153,1,12.427397260274,1
"441",4,441,0.817866312410827,-0.0173035758330364,1.28520731608116,1.53839069001552,0,12.2301369863014,1
"442",4,442,-0.834445685240356,-0.0173035758330364,-0.625207500926615,-1.09337287304952,0,11.9479452054795,1
"446",4,446,0.667656120496705,-0.620265169764927,1.28520731608116,1.01203809724198,1,10.627397260274,1
"456",4,456,-0.534025361658051,-0.0173035758330364,-0.625207500926615,-0.0406674151400153,1,12.0739726027397,1
"458",4,458,-0.0833948390738734,-0.0173035758330364,1.28520731608116,1.01203809724198,1,11.4876712328767,1
"459",4,459,0.968076277516742,-0.0173035758330364,-0.147603818434792,1.01203809724198,1,10.2767123287671,1
"460",4,460,-1.73570683672505,-1.8261884937942,-0.625207500926615,-1.09337287304952,0,12.2164383561644,1
"461",4,461,-0.0833948390738734,-1.22322686582094,-0.625207500926615,-1.09337287304952,1,10.8547945205479,1
"462",4,462,-1.73570683672505,-0.0173035758330364,-0.625207500926615,-1.09337287304952,0,11.2328767123288,1
"463",4,463,-1.43528645289682,-2.42915012176746,0.329999980111008,1.01203809724198,0,11.7123287671233,1
"464",4,464,0.066815409542292,-0.0173035758330364,0.329999980111008,-0.0406674151400153,0,10.4493150684932,1
"465",4,465,0.367235679966426,0.585658154264344,0.329999980111008,-1.09337287304952,0,10.4493150684932,1
"473",4,473,-0.684235564203801,-0.620265169764927,-1.10281125595217,-0.567020171331012,1,10.5452054794521,1
"478",4,478,0.817866312410827,1.79158141021087,1.76281098406624,1.01203809724198,0,13.9753424657534,1
"483",4,483,-0.383815229989862,-0.0173035758330364,-0.625207500926615,-0.567020171331012,1,11.1917808219178,1
"495",4,495,-1.73570683672505,-1.8261884937942,-1.58041492393725,-0.567020171331012,1,11.6958904109589,1
"500",4,500,-0.383815229989862,-0.0173035758330364,-0.147603818434792,-1.09337287304952,1,9.93424657534247,1
"501",4,501,-1.13486606906859,0.585658154264344,-0.147603818434792,-1.09337287304952,0,10.2986301369863,1
"509",4,509,-1.43528645289682,-1.22322686582094,-1.10281125595217,-1.09337287304952,0,11.7315068493151,1
"514",4,514,-0.984655877154472,1.1886197822376,-2.0580187079763,-0.567020171331012,0,12.7698630136986,1
"516",4,516,-0.984655877154472,-0.0173035758330364,-0.625207500926615,-0.0406674151400153,1,13.358904109589,1
"525",4,525,-0.0833948390738734,-1.22322686582094,0.329999980111008,0.485685232106011,1,10.4602739726027,1
"529",4,529,-1.28507626098271,-1.8261884937942,0.329999980111008,0.485685232106011,0,11.4849315068493,1
"530",4,530,-1.28507626098271,-0.0173035758330364,-0.147603818434792,-0.567020171331012,0,11.5753424657534,1
"532",4,532,0.817866312410827,-0.620265169764927,-0.625207500926615,-0.0406674151400153,1,11.0931506849315,1
"536",4,536,-0.23360497428594,-0.620265169764927,-0.147603818434792,0.485685232106011,0,11.0191780821918,1
"550",4,550,0.367235679966426,0.585658154264344,-0.625207500926615,1.53839069001552,1,10.7890410958904,1
"551",4,551,-0.834445685240356,-1.22322686582094,-0.625207500926615,-0.567020171331012,0,10.9232876712329,1
"552",4,552,0.817866312410827,2.39454303818414,1.76281098406624,1.01203809724198,0,11.2219178082192,1
"553",4,553,-0.684235564203801,0.585658154264344,0.807603648096085,0.485685232106011,1,10.9068493150685,1
"554",4,554,0.367235679966426,-0.620265169764927,-0.147603818434792,1.01203809724198,1,10.7260273972603,1
"555",4,555,-1.13486606906859,-0.0173035758330364,0.807603648096085,-1.09337287304952,1,11.0684931506849,1
"556",4,556,-0.534025361658051,-1.22322686582094,0.329999980111008,0.485685232106011,1,12.2109589041096,1
"557",4,557,-0.984655877154472,-0.0173035758330364,-0.147603818434792,-0.567020171331012,1,12.1232876712329,1
"559",4,559,-0.534025361658051,-0.0173035758330364,1.28520731608116,-0.567020171331012,1,11.0657534246575,1
"560",4,560,1.26849688815317,-0.620265169764927,0.807603648096085,-0.567020171331012,1,11.2054794520548,1
"561",4,561,-0.834445685240356,0.585658154264344,-0.625207500926615,-1.09337287304952,0,11.1369863013699,1
"583",4,583,-1.28507626098271,1.1886197822376,-0.625207500926615,0.485685232106011,0,10.7643835616438,1
"596",4,596,-0.0833948390738734,1.1886197822376,2.24041465205131,-0.0406674151400153,0,11.3808219178082,1
"619",4,619,-0.984655877154472,-0.620265169764927,-1.10281125595217,-1.61972552029554,1,10.5506849315068,1
"620",4,620,-0.534025361658051,-0.0173035758330364,-1.10281125595217,1.01203809724198,1,11.0191780821918,1
"635",4,635,-1.58549664481094,-1.22322686582094,-0.625207500926615,-1.09337287304952,0,10.4438356164384,1
"641",4,641,-1.73570683672505,-0.620265169764927,-2.0580187079763,-1.09337287304952,1,9.6986301369863,1
"642",4,642,0.066815409542292,0.585658154264344,-1.10281125595217,-0.0406674151400153,0,10.5041095890411,1
"643",4,643,-0.534025361658051,-0.0173035758330364,-0.625207500926615,-0.567020171331012,1,10.2219178082192,1
"647",4,647,-0.0833948390738734,1.1886197822376,0.329999980111008,-0.0406674151400153,0,11.3890410958904,1
"648",4,648,-0.834445685240356,-0.620265169764927,-2.0580187079763,-1.09337287304952,1,11.7369863013699,1
"649",4,649,-1.13486606906859,-0.0173035758330364,-1.58041492393725,-0.567020171331012,0,11.1780821917808,1
"664",4,664,0.21702554475436,-0.620265169764927,-0.625207500926615,-0.567020171331012,1,10.9780821917808,1
"665",4,665,-0.23360497428594,1.1886197822376,1.28520731608116,1.53839069001552,0,11.3095890410959,1
"685",4,685,0.667656120496705,1.1886197822376,-0.625207500926615,0.485685232106011,1,10.8904109589041,1
"686",4,686,-1.28507626098271,-1.22322686582094,0.329999980111008,-0.0406674151400153,0,11.1972602739726,1
"687",4,687,-1.43528645289682,-1.8261884937942,-1.58041492393725,-0.0406674151400153,0,10.5424657534247,1
"688",4,688,0.066815409542292,-1.22322686582094,-0.625207500926615,-0.0406674151400153,1,10.6246575342466,1
"690",4,690,2.01954773431965,1.1886197822376,1.28520731608116,2.59109609345255,0,10.8054794520548,1
"691",4,691,-1.73570683672505,-1.8261884937942,-0.147603818434792,-1.09337287304952,0,11.1178082191781,1
"696",4,696,-0.23360497428594,0.585658154264344,0.329999980111008,-0.0406674151400153,1,10.241095890411,1
"739",4,739,-1.73570683672505,-1.8261884937942,-0.147603818434792,-1.09337287304952,0,10.9315068493151,1
"741",4,741,-0.383815229989862,0.585658154264344,-1.10281125595217,-0.0406674151400153,0,10.3178082191781,1
"753",4,753,0.817866312410827,0.585658154264344,1.28520731608116,-0.0406674151400153,0,11.4904109589041,1
"763",4,763,-1.28507626098271,-0.620265169764927,-0.625207500926615,-0.567020171331012,1,10.7397260273973,1
"764",4,764,-1.73570683672505,-1.8261884937942,-2.0580187079763,-0.0406674151400153,0,11.3835616438356,1
"765",4,765,-1.73570683672505,-0.0173035758330364,1.28520731608116,1.01203809724198,0,10.6931506849315,1
"829",4,829,0.21702554475436,1.1886197822376,-0.147603818434792,-0.0406674151400153,1,10.5013698630137,1
"837",4,837,-0.0833948390738734,1.1886197822376,1.28520731608116,1.53839069001552,0,10.4849315068493,1
"871",4,871,-0.534025361658051,0.585658154264344,0.329999980111008,-0.0406674151400153,0,11.4739726027397,1
"872",4,872,-0.984655877154472,-1.8261884937942,-0.147603818434792,-0.567020171331012,0,11.1808219178082,1
"36",5,36,-0.383815229989862,-0.620265169764927,0.329999980111008,1.01203809724198,1,11.0547945205479,0
"99",5,99,0.367235679966426,1.1886197822376,-1.58041492393725,-1.61972552029554,1,11.6027397260274,0
"144",5,144,0.066815409542292,-1.8261884937942,-0.625207500926615,-0.0406674151400153,1,11.0602739726027,0
"145",5,145,1.11828658283496,-0.0173035758330364,1.28520731608116,1.53839069001552,1,10.6575342465753,0
"146",5,146,-0.984655877154472,-1.22322686582094,-1.58041492393725,-0.0406674151400153,0,11.2082191780822,0
"147",5,147,-0.534025361658051,-0.620265169764927,0.807603648096085,-1.09337287304952,1,11.3369863013699,0
"148",5,148,0.667656120496705,1.79158141021087,1.76281098406624,1.53839069001552,1,11.0164383561644,0
"149",5,149,-0.23360497428594,-0.0173035758330364,-0.147603818434792,-1.09337287304952,1,11.2931506849315,0
"150",5,150,1.11828658283496,-0.0173035758330364,-0.625207500926615,0.485685232106011,1,10.9342465753425,0
"171",5,171,-0.23360497428594,-0.0173035758330364,0.329999980111008,0.485685232106011,0,10.3643835616438,0
"225",5,225,-0.0833948390738734,0.585658154264344,1.28520731608116,1.53839069001552,1,10.4465753424658,0
"277",5,277,-1.58549664481094,-0.0173035758330364,-0.625207500926615,-1.09337287304952,0,11.4383561643836,0
"302",5,302,0.21702554475436,1.1886197822376,0.807603648096085,-0.0406674151400153,0,10.7232876712329,0
"420",5,420,0.667656120496705,-0.620265169764927,0.329999980111008,0.485685232106011,0,10.4794520547945,0
"47",6,47,0.517445815178494,-0.620265169764927,-1.10281125595217,-0.0406674151400153,1,14.7698630136986,0
"87",6,87,0.817866312410827,-0.0173035758330364,0.807603648096085,-0.0406674151400153,0,13.4082191780822,0
"115",6,115,0.817866312410827,-0.620265169764927,-1.10281125595217,-1.61972552029554,0,12.8109589041096,0
"117",6,117,-0.534025361658051,-1.22322686582094,-0.625207500926615,-0.567020171331012,1,12.3506849315068,0
"212",6,212,0.968076277516742,-0.0173035758330364,0.807603648096085,1.01203809724198,0,11.2657534246575,0
"242",6,242,1.71912735049142,2.39454303818414,2.24041465205131,1.01203809724198,0,10.5561643835616,0
"243",6,243,1.26849688815317,0.585658154264344,0.807603648096085,0.485685232106011,1,10.4931506849315,0
"244",6,244,1.71912735049142,1.1886197822376,-0.147603818434792,0.485685232106011,1,10.6986301369863,0
"245",6,245,0.517445815178494,1.1886197822376,1.76281098406624,1.01203809724198,1,11.413698630137,0
"246",6,246,0.367235679966426,-1.22322686582094,-0.147603818434792,1.53839069001552,0,11.0356164383562,0
"247",6,247,1.418706739855,1.1886197822376,1.76281098406624,0.485685232106011,0,10.6547945205479,0
"248",6,248,-0.0833948390738734,-0.620265169764927,-0.147603818434792,-0.567020171331012,1,11.1917808219178,0
"252",6,252,0.066815409542292,-1.22322686582094,-1.10281125595217,-0.567020171331012,0,11.2712328767123,0
"253",6,253,0.367235679966426,-0.620265169764927,-1.58041492393725,-1.61972552029554,1,10.5178082191781,0
"254",6,254,0.517445815178494,0.585658154264344,-1.58041492393725,0.485685232106011,1,11.3890410958904,0
"255",6,255,0.367235679966426,-1.22322686582094,-1.10281125595217,0.485685232106011,0,10.8191780821918,0
"257",6,257,0.367235679966426,-0.0173035758330364,0.329999980111008,-0.0406674151400153,0,11.2602739726027,0
"259",6,259,0.367235679966426,-0.0173035758330364,0.807603648096085,-0.0406674151400153,1,10.9917808219178,0
"266",6,266,0.667656120496705,-0.0173035758330364,0.329999980111008,0.485685232106011,1,10.7561643835616,0
"310",6,310,0.367235679966426,0.585658154264344,1.28520731608116,-0.0406674151400153,0,13.6383561643836,0
"311",6,311,0.517445815178494,-0.0173035758330364,0.329999980111008,0.485685232106011,1,10.227397260274,0
"349",6,349,-0.23360497428594,-0.620265169764927,-0.625207500926615,-1.09337287304952,0,11.4849315068493,0
"351",6,351,1.56891704517321,-0.0173035758330364,0.807603648096085,0.485685232106011,1,10.9698630136986,0
"367",6,367,0.066815409542292,1.79158141021087,-0.147603818434792,0.485685232106011,0,10.2684931506849,0
"368",6,368,0.517445815178494,-0.620265169764927,-1.10281125595217,-0.0406674151400153,1,10.8876712328767,0
"370",6,370,2.01954773431965,1.1886197822376,1.28520731608116,0.485685232106011,0,9.92876712328767,0
"372",6,372,0.817866312410827,-0.0173035758330364,-0.625207500926615,0.485685232106011,0,10.2630136986301,0
"379",6,379,1.86933765580964,1.79158141021087,0.329999980111008,-1.09337287304952,1,10.0383561643836,0
"380",6,380,0.817866312410827,-0.0173035758330364,-0.625207500926615,-0.567020171331012,1,10.2383561643836,0
"394",6,394,1.86933765580964,1.1886197822376,0.329999980111008,-0.0406674151400153,1,10.358904109589,0
"395",6,395,1.71912735049142,0.585658154264344,1.76281098406624,1.53839069001552,0,10.3917808219178,0
"80",7,80,-0.383815229989862,-0.0173035758330364,1.28520731608116,-1.61972552029554,0,10.8164383561644,0
"88",7,88,-0.834445685240356,-0.620265169764927,0.329999980111008,1.01203809724198,1,12.958904109589,0
"101",7,101,-0.984655877154472,-0.620265169764927,-0.625207500926615,-0.567020171331012,1,10.8246575342466,0
"125",7,125,0.517445815178494,0.585658154264344,0.329999980111008,-0.567020171331012,1,10.5452054794521,0
"185",7,185,0.817866312410827,-0.620265169764927,0.807603648096085,-0.567020171331012,1,11.4986301369863,0
"186",7,186,-0.0833948390738734,-0.620265169764927,1.28520731608116,1.01203809724198,0,12.1808219178082,0
"263",7,263,-0.383815229989862,-0.0173035758330364,-0.147603818434792,0.485685232106011,1,11.2630136986301,0
"264",7,264,1.11828658283496,0.585658154264344,1.28520731608116,1.01203809724198,1,10.6657534246575,0
"265",7,265,0.367235679966426,1.1886197822376,1.28520731608116,-0.0406674151400153,1,10.6712328767123,0
"267",7,267,1.11828658283496,-0.0173035758330364,1.28520731608116,2.064743500679,0,10.9753424657534,0
"268",7,268,-0.0833948390738734,-0.0173035758330364,0.807603648096085,-1.09337287304952,0,11.2082191780822,0
"269",7,269,0.367235679966426,-0.0173035758330364,0.329999980111008,-0.567020171331012,1,11.4493150684932,0
"297",7,297,0.367235679966426,-0.0173035758330364,1.28520731608116,-0.0406674151400153,0,10.8109589041096,0
"303",7,303,0.968076277516742,0.585658154264344,0.807603648096085,-1.61972552029554,1,10.2054794520548,0
"307",7,307,-0.834445685240356,-0.0173035758330364,1.76281098406624,1.01203809724198,0,10.8849315068493,0
"309",7,309,-0.383815229989862,-1.22322686582094,1.76281098406624,1.53839069001552,1,12.5287671232877,0
"336",7,336,0.667656120496705,1.1886197822376,0.329999980111008,0.485685232106011,1,11,0
"369",7,369,0.968076277516742,1.1886197822376,-0.147603818434792,-1.09337287304952,1,10.2876712328767,0
"374",7,374,-1.28507626098271,-1.8261884937942,-0.147603818434792,0.485685232106011,1,12.7534246575342,0
"375",7,375,0.066815409542292,-0.620265169764927,1.76281098406624,2.59109609345255,0,10.2301369863014,0
"381",7,381,-0.383815229989862,-0.0173035758330364,1.28520731608116,2.064743500679,0,11.0958904109589,0
"384",7,384,0.367235679966426,-0.620265169764927,-1.10281125595217,-1.09337287304952,1,10.6849315068493,0
"390",7,390,1.56891704517321,0.585658154264344,-0.147603818434792,-0.567020171331012,0,10.7972602739726,0
"401",7,401,1.11828658283496,-1.8261884937942,-0.147603818434792,-0.567020171331012,0,10.8794520547945,0
"8",8,8,0.21702554475436,1.79158141021087,1.76281098406624,-0.0406674151400153,0,11.1479452054795,0
"27",8,27,0.066815409542292,1.79158141021087,1.76281098406624,1.01203809724198,0,10.4849315068493,0
"28",8,28,-0.0833948390738734,1.1886197822376,0.329999980111008,-0.567020171331012,1,11.3890410958904,0
"58",8,58,-0.383815229989862,-0.0173035758330364,-1.10281125595217,-0.0406674151400153,1,12.4767123287671,0
"68",8,68,2.16975781282968,-0.0173035758330364,1.76281098406624,2.59109609345255,0,10.8767123287671,0
"69",8,69,0.367235679966426,-1.22322686582094,0.329999980111008,-0.0406674151400153,0,10.3479452054795,0
"94",8,94,-0.23360497428594,1.1886197822376,-0.147603818434792,-1.09337287304952,0,11.3917808219178,0
"100",8,100,-0.0833948390738734,-0.0173035758330364,-0.147603818434792,-0.567020171331012,1,11.0767123287671,0
"130",8,130,1.86933765580964,0.585658154264344,1.76281098406624,2.064743500679,0,10.9890410958904,0
"131",8,131,-1.28507626098271,-0.620265169764927,-0.147603818434792,0.485685232106011,0,11.1534246575342,0
"132",8,132,-1.28507626098271,-1.8261884937942,0.329999980111008,0.485685232106011,0,11.2876712328767,0
"133",8,133,0.968076277516742,1.1886197822376,1.76281098406624,1.53839069001552,1,10.6575342465753,0
"134",8,134,0.667656120496705,-1.8261884937942,0.329999980111008,-1.61972552029554,1,11.3643835616438,0
"135",8,135,-0.834445685240356,-1.8261884937942,0.807603648096085,-0.567020171331012,0,10.841095890411,0
"136",8,136,0.667656120496705,-1.22322686582094,-0.625207500926615,-0.567020171331012,0,10.5397260273973,0
"143",8,143,2.16975781282968,1.79158141021087,0.329999980111008,0.485685232106011,0,11.0246575342466,0
"209",8,209,0.21702554475436,-0.620265169764927,0.807603648096085,1.01203809724198,1,10.4438356164384,0
"210",8,210,-0.684235564203801,0.585658154264344,0.329999980111008,2.59109609345255,0,10.4438356164384,0
"228",8,228,0.817866312410827,1.79158141021087,0.807603648096085,0.485685232106011,1,10.9205479452055,0
"262",8,262,0.517445815178494,-0.0173035758330364,1.28520731608116,-0.567020171331012,0,11.1068493150685,0
"335",8,335,-0.684235564203801,0.585658154264344,0.807603648096085,2.59109609345255,0,9.8027397260274,0
"347",8,347,-0.23360497428594,0.585658154264344,-1.10281125595217,-1.09337287304952,0,10.4767123287671,0
"355",8,355,0.817866312410827,0.585658154264344,0.807603648096085,1.01203809724198,0,10.3972602739726,0
"393",8,393,-0.383815229989862,-0.620265169764927,1.28520731608116,0.485685232106011,0,10.9808219178082,0
"405",8,405,-0.684235564203801,1.1886197822376,0.807603648096085,3.11744868622608,0,10.2465753424658,0
"407",8,407,0.968076277516742,-0.0173035758330364,0.329999980111008,-1.09337287304952,1,9.56164383561644,0
"408",8,408,0.21702554475436,-0.0173035758330364,0.329999980111008,1.53839069001552,0,11.8547945205479,0
"409",8,409,-1.13486606906859,0.585658154264344,0.329999980111008,-0.0406674151400153,0,12.5452054794521,0
"414",8,414,0.066815409542292,-0.0173035758330364,0.807603648096085,1.01203809724198,1,10.5698630136986,0
"415",8,415,0.367235679966426,-0.0173035758330364,-0.625207500926615,-0.0406674151400153,0,13.0849315068493,0
"450",9,450,-0.984655877154472,-0.0173035758330364,-1.10281125595217,0.485685232106011,0,11.7616438356164,1
"472",9,472,0.667656120496705,-0.620265169764927,-1.10281125595217,-0.567020171331012,0,14.2054794520548,1
"477",9,477,-0.984655877154472,-0.620265169764927,-1.10281125595217,-1.09337287304952,0,11.7616438356164,1
"490",9,490,-0.0833948390738734,-0.0173035758330364,-0.625207500926615,-0.567020171331012,1,11.4684931506849,1
"504",9,504,-1.43528645289682,-1.22322686582094,-0.625207500926615,-0.567020171331012,0,11.7753424657534,1
"512",9,512,-0.684235564203801,-1.22322686582094,-0.625207500926615,0.485685232106011,0,11.5342465753425,1
"605",9,605,-0.23360497428594,0.585658154264344,-0.625207500926615,-0.567020171331012,0,12.4054794520548,1
"606",9,606,-0.984655877154472,-1.22322686582094,-1.58041492393725,-1.61972552029554,0,10.7013698630137,1
"607",9,607,-0.534025361658051,-0.0173035758330364,-0.625207500926615,-1.61972552029554,0,11.2219178082192,1
"608",9,608,1.11828658283496,-0.0173035758330364,0.807603648096085,-0.0406674151400153,1,11.1616438356164,1
"609",9,609,0.968076277516742,1.1886197822376,-2.0580187079763,1.01203809724198,0,10.5780821917808,1
"610",9,610,0.21702554475436,0.585658154264344,0.329999980111008,-1.09337287304952,1,11.3397260273973,1
"611",9,611,0.817866312410827,-1.8261884937942,-1.10281125595217,-0.0406674151400153,0,11.0465753424658,1
"612",9,612,0.367235679966426,1.1886197822376,0.329999980111008,-0.0406674151400153,1,10.8520547945205,1
"613",9,613,0.21702554475436,-0.0173035758330364,-0.147603818434792,-0.567020171331012,1,10.6520547945205,1
"614",9,614,1.418706739855,-0.620265169764927,0.807603648096085,-0.567020171331012,0,10.6657534246575,1
"615",9,615,2.4701781966579,1.1886197822376,1.76281098406624,2.064743500679,1,10.986301369863,1
"670",9,670,0.21702554475436,1.79158141021087,1.76281098406624,-1.09337287304952,1,10.413698630137,1
"671",9,671,-1.73570683672505,-0.620265169764927,-0.625207500926615,-1.09337287304952,1,12.3205479452055,1
"672",9,672,2.16975781282968,1.1886197822376,0.807603648096085,0.485685232106011,1,11.0602739726027,1
"673",9,673,2.16975781282968,0.585658154264344,0.807603648096085,-1.09337287304952,1,11.0602739726027,1
"674",9,674,0.21702554475436,-0.620265169764927,0.807603648096085,0.485685232106011,1,11.1013698630137,1
"675",9,675,-1.13486606906859,-1.22322686582094,-2.0580187079763,-0.567020171331012,0,10.5698630136986,1
"676",9,676,-0.383815229989862,-2.42915012176746,1.28520731608116,-0.0406674151400153,0,10.972602739726,1
"738",9,738,0.667656120496705,-0.620265169764927,-0.147603818434792,-0.567020171331012,0,11.5315068493151,1
"752",9,752,-1.73570683672505,-1.8261884937942,-1.10281125595217,-1.61972552029554,0,12.4301369863014,1
"796",9,796,-1.28507626098271,-0.620265169764927,-1.10281125595217,-0.0406674151400153,1,10.9835616438356,1
"861",9,861,-0.23360497428594,-1.22322686582094,1.28520731608116,-0.0406674151400153,0,11.0767123287671,1
"873",9,873,1.26849688815317,-0.0173035758330364,0.807603648096085,1.01203809724198,0,10.9506849315068,1
"880",9,880,-1.13486606906859,-0.620265169764927,-1.58041492393725,-0.0406674151400153,1,11.5260273972603,1
"899",9,899,1.11828658283496,0.585658154264344,1.76281098406624,-0.0406674151400153,1,11.3150684931507,1
"10",10,10,0.066815409542292,-1.22322686582094,-0.147603818434792,0.485685232106011,1,11.1890410958904,0
"40",10,40,-0.383815229989862,-0.0173035758330364,0.329999980111008,-0.0406674151400153,1,11.1835616438356,0
"41",10,41,0.968076277516742,0.585658154264344,-0.147603818434792,-0.0406674151400153,1,11.2082191780822,0
"49",10,49,-0.383815229989862,0.585658154264344,0.329999980111008,-0.0406674151400153,0,10.7232876712329,0
"50",10,50,0.667656120496705,0.585658154264344,1.76281098406624,1.01203809724198,0,11.0986301369863,0
"52",10,52,1.26849688815317,1.1886197822376,0.329999980111008,-0.0406674151400153,1,10.1150684931507,0
"60",10,60,-0.0833948390738734,-0.620265169764927,0.329999980111008,-1.61972552029554,0,12.2575342465753,0
"61",10,61,0.667656120496705,-0.0173035758330364,0.807603648096085,-1.09337287304952,0,10.4794520547945,0
"91",10,91,-1.43528645289682,-0.620265169764927,0.807603648096085,-0.567020171331012,0,11.227397260274,0
"103",10,103,-0.23360497428594,1.1886197822376,-1.58041492393725,-0.0406674151400153,1,11.7232876712329,0
"104",10,104,1.418706739855,1.1886197822376,0.807603648096085,-0.0406674151400153,1,10.4794520547945,0
"142",10,142,-0.0833948390738734,-0.0173035758330364,1.76281098406624,-1.61972552029554,1,10.6794520547945,0
"191",10,191,0.517445815178494,1.1886197822376,1.28520731608116,-0.567020171331012,0,10.5205479452055,0
"192",10,192,-0.383815229989862,0.585658154264344,-0.147603818434792,0.485685232106011,0,10.4575342465753,0
"193",10,193,0.968076277516742,0.585658154264344,0.329999980111008,-0.0406674151400153,1,10.958904109589,0
"194",10,194,-1.43528645289682,-0.0173035758330364,-1.58041492393725,0.485685232106011,1,10.6712328767123,0
"195",10,195,-1.28507626098271,-0.620265169764927,-0.147603818434792,-1.09337287304952,1,11.5452054794521,0
"197",10,197,0.817866312410827,0.585658154264344,0.807603648096085,-0.0406674151400153,1,10.7150684931507,0
"198",10,198,0.367235679966426,1.1886197822376,0.329999980111008,0.485685232106011,0,10.6520547945205,0
"199",10,199,0.817866312410827,0.585658154264344,1.28520731608116,1.01203809724198,1,10.7041095890411,0
"200",10,200,0.517445815178494,-0.0173035758330364,-0.625207500926615,-1.09337287304952,1,11.3095890410959,0
"203",10,203,-0.834445685240356,-0.0173035758330364,0.329999980111008,-0.0406674151400153,0,11.3479452054795,0
"204",10,204,-0.984655877154472,1.1886197822376,-0.625207500926615,-0.567020171331012,0,11.827397260274,0
"205",10,205,1.86933765580964,1.79158141021087,1.28520731608116,2.064743500679,1,11.6794520547945,0
"213",10,213,0.367235679966426,1.1886197822376,1.76281098406624,1.01203809724198,0,11.1287671232877,0
"218",10,218,1.71912735049142,1.1886197822376,-0.625207500926615,2.064743500679,1,11.0630136986301,0
"219",10,219,1.11828658283496,-0.0173035758330364,0.807603648096085,1.53839069001552,0,11.2191780821918,0
"220",10,220,-0.383815229989862,-2.42915012176746,0.807603648096085,0.485685232106011,0,11.0465753424658,0
"221",10,221,0.667656120496705,0.585658154264344,-0.147603818434792,1.01203809724198,0,12.2931506849315,0
"234",10,234,0.667656120496705,0.585658154264344,1.28520731608116,-0.0406674151400153,1,10.627397260274,0
"240",10,240,0.817866312410827,-0.0173035758330364,0.329999980111008,-0.567020171331012,1,10.7260273972603,0
"279",10,279,1.11828658283496,-0.620265169764927,-0.625207500926615,0.485685232106011,1,11.227397260274,0
"282",10,282,1.71912735049142,0.585658154264344,-0.625207500926615,-0.567020171331012,0,10.7123287671233,0
"283",10,283,-1.58549664481094,-1.8261884937942,-0.147603818434792,-0.567020171331012,0,10.9369863013699,0
"284",10,284,-0.23360497428594,-1.22322686582094,-0.625207500926615,0.485685232106011,0,11.2657534246575,0
"285",10,285,1.11828658283496,1.1886197822376,0.329999980111008,2.064743500679,0,10.8876712328767,0
"286",10,286,0.066815409542292,-0.620265169764927,0.329999980111008,1.53839069001552,0,11.0164383561644,0
"287",10,287,-0.684235564203801,-0.0173035758330364,-0.625207500926615,-0.567020171331012,1,10.3945205479452,0
"288",10,288,0.367235679966426,0.585658154264344,-0.147603818434792,-1.09337287304952,0,10.9123287671233,0
"289",10,289,0.066815409542292,0.585658154264344,-0.625207500926615,1.01203809724198,0,11.3424657534247,0
"313",10,313,0.817866312410827,0.585658154264344,-0.147603818434792,1.53839069001552,1,10.8876712328767,0
"314",10,314,0.968076277516742,0.585658154264344,0.329999980111008,0.485685232106011,1,10.8246575342466,0
"315",10,315,0.667656120496705,-0.0173035758330364,1.28520731608116,-0.0406674151400153,0,10.8520547945205,0
"316",10,316,1.26849688815317,-0.0173035758330364,0.329999980111008,0.485685232106011,1,10.6739726027397,0
"317",10,317,0.367235679966426,0.585658154264344,-1.58041492393725,0.485685232106011,0,10.9369863013699,0
"318",10,318,0.817866312410827,-0.620265169764927,-0.625207500926615,0.485685232106011,1,11.0301369863014,0
"319",10,319,1.418706739855,0.585658154264344,1.76281098406624,-0.0406674151400153,0,10.8356164383562,0
"320",10,320,0.817866312410827,1.1886197822376,0.807603648096085,-0.567020171331012,0,11.8164383561644,0
"322",10,322,-0.383815229989862,-0.0173035758330364,0.807603648096085,-0.567020171331012,1,11.2219178082192,0
"323",10,323,1.11828658283496,0.585658154264344,-0.625207500926615,-0.0406674151400153,0,10.8383561643836,0
"324",10,324,0.066815409542292,0.585658154264344,0.329999980111008,1.01203809724198,1,10.9041095890411,0
"353",10,353,0.21702554475436,0.585658154264344,0.329999980111008,1.01203809724198,1,10.4657534246575,0
"386",10,386,0.817866312410827,-0.620265169764927,-0.147603818434792,-1.09337287304952,0,9.78904109589041,0
"387",10,387,1.11828658283496,0.585658154264344,-0.147603818434792,-1.09337287304952,1,9.75616438356164,0
"388",10,388,-0.23360497428594,1.79158141021087,-0.625207500926615,-0.0406674151400153,0,9.92602739726027,0
"396",10,396,-0.0833948390738734,0.585658154264344,1.28520731608116,0.485685232106011,1,10.7698630136986,0
"402",10,402,0.667656120496705,-0.0173035758330364,0.807603648096085,1.01203809724198,0,10.5972602739726,0
"12",11,12,-0.23360497428594,-0.0173035758330364,-0.147603818434792,1.53839069001552,1,11.1424657534247,0
"45",11,45,0.367235679966426,-0.620265169764927,1.76281098406624,1.01203809724198,1,11.0465753424658,0
"51",11,51,-1.73570683672505,-0.620265169764927,-1.58041492393725,-0.0406674151400153,0,10.7698630136986,0
"53",11,53,-1.73570683672505,-1.22322686582094,-1.58041492393725,-0.567020171331012,1,12.2493150684931,0
"78",11,78,0.066815409542292,1.79158141021087,0.807603648096085,1.01203809724198,0,10.4164383561644,0
"79",11,79,0.21702554475436,1.1886197822376,0.329999980111008,1.53839069001552,0,11.3095890410959,0
"82",11,82,-1.28507626098271,-1.8261884937942,0.807603648096085,0.485685232106011,0,12.3506849315068,0
"106",11,106,-0.534025361658051,-0.0173035758330364,0.329999980111008,-0.567020171331012,1,11.2739726027397,0
"109",11,109,-1.73570683672505,-1.22322686582094,-0.625207500926615,-0.567020171331012,0,12.1643835616438,0
"110",11,110,0.066815409542292,1.1886197822376,0.329999980111008,-0.0406674151400153,1,10.4986301369863,0
"112",11,112,1.86933765580964,2.99750452999191,2.24041465205131,2.59109609345255,1,11.0931506849315,0
"113",11,113,2.16975781282968,-0.0173035758330364,1.76281098406624,3.11744868622608,1,10.9260273972603,0
"114",11,114,1.86933765580964,0.585658154264344,-0.147603818434792,-0.567020171331012,1,10.8054794520548,0
"129",11,129,-0.534025361658051,-0.0173035758330364,-0.625207500926615,-1.09337287304952,1,10.7890410958904,0
"137",11,137,-1.43528645289682,0.585658154264344,-1.58041492393725,-1.09337287304952,0,11.7972602739726,0
"138",11,138,-0.23360497428594,-0.0173035758330364,0.329999980111008,-1.09337287304952,0,10.3342465753425,0
"158",11,158,-0.684235564203801,-1.22322686582094,-0.147603818434792,0.485685232106011,0,11.1095890410959,0
"208",11,208,0.817866312410827,-0.0173035758330364,0.807603648096085,-0.567020171331012,1,10.4520547945205,0
"222",11,222,0.968076277516742,1.1886197822376,0.329999980111008,0.485685232106011,0,10.3178082191781,0
"223",11,223,-0.984655877154472,1.1886197822376,-1.58041492393725,1.01203809724198,0,10.3013698630137,0
"231",11,231,0.21702554475436,-0.0173035758330364,0.807603648096085,2.59109609345255,1,11.1123287671233,0
"312",11,312,1.26849688815317,0.585658154264344,0.807603648096085,1.01203809724198,0,10.6109589041096,0
"354",11,354,-0.0833948390738734,1.1886197822376,1.28520731608116,1.53839069001552,0,10.2465753424658,0
"392",11,392,0.21702554475436,-0.620265169764927,0.329999980111008,-0.567020171331012,1,10.1178082191781,0
"403",11,403,1.86933765580964,1.1886197822376,-0.147603818434792,1.53839069001552,0,10.4931506849315,0
"404",11,404,-0.534025361658051,-0.620265169764927,-1.10281125595217,-1.61972552029554,0,11.5835616438356,0
"410",11,410,-0.684235564203801,-1.22322686582094,-1.10281125595217,-1.09337287304952,1,10.6164383561644,0
"2",12,2,-1.73570683672505,-0.620265169764927,0.329999980111008,0.485685232106011,0,13.372602739726,0
"66",12,66,0.517445815178494,-0.620265169764927,0.329999980111008,1.01203809724198,1,11.1260273972603,0
"75",12,75,0.367235679966426,-0.0173035758330364,-1.58041492393725,-0.567020171331012,0,10.572602739726,0
"77",12,77,0.21702554475436,-0.0173035758330364,-0.147603818434792,-0.0406674151400153,1,10.5095890410959,0
"81",12,81,0.667656120496705,-0.620265169764927,-1.10281125595217,-1.61972552029554,0,11.8383561643836,0
"83",12,83,-1.73570683672505,-0.0173035758330364,-0.625207500926615,-1.61972552029554,1,11.6246575342466,0
"84",12,84,0.517445815178494,-0.0173035758330364,0.329999980111008,-0.0406674151400153,1,11.8219178082192,0
"97",12,97,-1.73570683672505,-0.0173035758330364,-0.147603818434792,-1.61972552029554,1,11.2821917808219,0
"108",12,108,0.817866312410827,1.79158141021087,1.28520731608116,1.01203809724198,1,11.1671232876712,0
"111",12,111,0.667656120496705,-0.0173035758330364,-0.147603818434792,-1.09337287304952,1,10.6301369863014,0
"118",12,118,0.968076277516742,-0.620265169764927,-0.147603818434792,-0.0406674151400153,1,10.5260273972603,0
"127",12,127,-1.43528645289682,-0.620265169764927,-2.0580187079763,-0.567020171331012,1,10.6958904109589,0
"128",12,128,1.418706739855,-0.620265169764927,-0.625207500926615,0.485685232106011,0,10.9205479452055,0
"139",12,139,-0.23360497428594,0.585658154264344,0.807603648096085,1.01203809724198,0,10.6712328767123,0
"140",12,140,1.56891704517321,-0.0173035758330364,0.329999980111008,-0.567020171331012,0,10.9835616438356,0
"153",12,153,0.817866312410827,-0.0173035758330364,-0.625207500926615,-1.09337287304952,0,10.5753424657534,0
"154",12,154,0.667656120496705,-0.620265169764927,-0.147603818434792,-0.567020171331012,1,11.1205479452055,0
"155",12,155,-0.984655877154472,0.585658154264344,-0.625207500926615,-1.09337287304952,1,11.1753424657534,0
"156",12,156,2.01954773431965,-0.0173035758330364,0.807603648096085,1.01203809724198,1,11.0684931506849,0
"157",12,157,-0.383815229989862,-1.22322686582094,-1.58041492393725,-0.567020171331012,0,10.9835616438356,0
"159",12,159,-1.43528645289682,1.1886197822376,-1.58041492393725,-0.0406674151400153,0,11.1342465753425,0
"160",12,160,0.517445815178494,-1.22322686582094,-0.147603818434792,-0.567020171331012,0,11.0438356164384,0
"161",12,161,-0.0833948390738734,-0.620265169764927,0.807603648096085,0.485685232106011,1,10.6904109589041,0
"162",12,162,0.817866312410827,-0.620265169764927,0.807603648096085,-1.61972552029554,1,10.986301369863,0
"163",12,163,1.11828658283496,-0.0173035758330364,0.329999980111008,0.485685232106011,1,11.7753424657534,0
"232",12,232,0.066815409542292,0.585658154264344,-1.58041492393725,-1.09337287304952,0,10.4876712328767,0
"236",12,236,0.817866312410827,1.79158141021087,2.24041465205131,0.485685232106011,1,9.71232876712329,0
"237",12,237,0.367235679966426,0.585658154264344,-0.625207500926615,0.485685232106011,0,11.2,0
"238",12,238,1.26849688815317,-0.0173035758330364,0.329999980111008,0.485685232106011,0,11.0191780821918,0
"239",12,239,1.11828658283496,0.585658154264344,0.329999980111008,-0.0406674151400153,0,11.227397260274,0
"241",12,241,0.667656120496705,-1.8261884937942,-0.147603818434792,-1.61972552029554,1,11.0109589041096,0
"278",12,278,0.066815409542292,1.79158141021087,1.28520731608116,2.064743500679,0,10.8767123287671,0
"291",12,291,-0.0833948390738734,0.585658154264344,-1.10281125595217,-1.09337287304952,0,12.4493150684932,0
"334",12,334,0.817866312410827,-0.620265169764927,-0.625207500926615,-0.567020171331012,1,10.8547945205479,0
"337",12,337,-0.383815229989862,1.79158141021087,1.76281098406624,2.064743500679,0,11.1232876712329,0
"338",12,338,-0.684235564203801,-0.620265169764927,-0.625207500926615,-0.567020171331012,1,11.4027397260274,0
"339",12,339,-1.58549664481094,-1.22322686582094,-0.147603818434792,-0.567020171331012,1,10.5452054794521,0
"340",12,340,1.26849688815317,0.585658154264344,0.329999980111008,0.485685232106011,1,11.2602739726027,0
"357",12,357,0.667656120496705,-0.620265169764927,-1.58041492393725,-0.567020171331012,1,10.0931506849315,0
"358",12,358,1.56891704517321,0.585658154264344,0.807603648096085,-1.09337287304952,0,10.6054794520548,0
"382",12,382,2.01954773431965,0.585658154264344,1.76281098406624,1.53839069001552,1,11.0328767123288,0
"383",12,383,-1.73570683672505,0.585658154264344,-1.10281125595217,-0.0406674151400153,1,10.3260273972603,0
"385",12,385,-0.534025361658051,-0.0173035758330364,0.329999980111008,1.01203809724198,0,11.1342465753425,0
"412",12,412,1.56891704517321,0.585658154264344,1.76281098406624,1.01203809724198,1,10.386301369863,0
"419",12,419,-0.834445685240356,-0.0173035758330364,0.807603648096085,-0.0406674151400153,0,10.6219178082192,0
"447",13,447,-1.43528645289682,0.585658154264344,-1.58041492393725,-0.0406674151400153,0,10.4465753424658,1
"515",13,515,-1.58549664481094,-0.620265169764927,0.329999980111008,-0.0406674151400153,0,12.5780821917808,1
"521",13,521,0.968076277516742,-0.0173035758330364,0.807603648096085,0.485685232106011,1,12.8849315068493,1
"526",13,526,-0.23360497428594,1.79158141021087,1.76281098406624,0.485685232106011,0,11.4520547945205,1
"538",13,538,-0.534025361658051,-0.620265169764927,0.807603648096085,-0.567020171331012,0,11.4657534246575,1
"558",13,558,0.817866312410827,-0.0173035758330364,1.76281098406624,-0.567020171331012,1,11.9506849315068,1
"600",13,600,-1.28507626098271,-0.620265169764927,-0.625207500926615,0.485685232106011,0,13.8849315068493,1
"601",13,601,-0.684235564203801,1.79158141021087,0.329999980111008,-0.0406674151400153,1,11.9095890410959,1
"602",13,602,-0.23360497428594,-1.22322686582094,-1.10281125595217,1.01203809724198,1,11.7150684931507,1
"603",13,603,1.418706739855,0.585658154264344,0.329999980111008,0.485685232106011,1,10.413698630137,1
"653",13,653,-0.534025361658051,-0.0173035758330364,1.28520731608116,0.485685232106011,1,10.8356164383562,1
"654",13,654,0.367235679966426,0.585658154264344,1.28520731608116,2.064743500679,1,10.9616438356164,1
"655",13,655,0.367235679966426,-0.620265169764927,1.28520731608116,0.485685232106011,1,11.8657534246575,1
"656",13,656,-0.684235564203801,-0.620265169764927,1.28520731608116,-0.0406674151400153,1,10.7643835616438,1
"660",13,660,0.517445815178494,0.585658154264344,0.329999980111008,0.485685232106011,0,10.5150684931507,1
"663",13,663,-0.984655877154472,0.585658154264344,-1.58041492393725,-0.0406674151400153,0,11.5342465753425,1
"689",13,689,-0.984655877154472,-1.22322686582094,0.329999980111008,-0.0406674151400153,1,12.2767123287671,1
"692",13,692,-1.28507626098271,-0.0173035758330364,0.807603648096085,1.01203809724198,0,10.6191780821918,1
"693",13,693,0.367235679966426,-0.620265169764927,0.807603648096085,-0.0406674151400153,0,11.1616438356164,1
"694",13,694,-0.834445685240356,-0.0173035758330364,1.28520731608116,1.01203809724198,1,11.2547945205479,1
"695",13,695,-1.28507626098271,-0.0173035758330364,1.28520731608116,1.01203809724198,1,10.813698630137,1
"708",13,708,0.21702554475436,1.79158141021087,0.329999980111008,1.01203809724198,0,10.8,1
"788",13,788,-0.684235564203801,-0.0173035758330364,-0.147603818434792,1.53839069001552,0,11.1780821917808,1
"795",13,795,2.01954773431965,0.585658154264344,1.28520731608116,1.53839069001552,1,11.1534246575342,1
"828",13,828,-0.834445685240356,-0.620265169764927,-1.10281125595217,-0.567020171331012,1,9.98904109589041,1
"835",13,835,2.16975781282968,0.585658154264344,0.807603648096085,2.064743500679,1,9.84109589041096,1
"836",13,836,-0.23360497428594,-0.620265169764927,-0.147603818434792,0.485685232106011,0,10.5205479452055,1
"840",13,840,0.21702554475436,0.585658154264344,0.329999980111008,-1.09337287304952,0,10.8219178082192,1
"851",13,851,-0.0833948390738734,1.1886197822376,0.807603648096085,-0.567020171331012,1,12.3561643835616,1
"852",13,852,0.968076277516742,1.1886197822376,0.807603648096085,-0.567020171331012,0,10.0082191780822,1
"853",13,853,0.367235679966426,-0.0173035758330364,0.329999980111008,-0.0406674151400153,1,11.5095890410959,1
"854",13,854,1.86933765580964,0.585658154264344,0.807603648096085,-1.09337287304952,0,10.6547945205479,1
"855",13,855,-0.984655877154472,-0.0173035758330364,-0.625207500926615,-0.567020171331012,0,10.6301369863014,1
"856",13,856,-0.23360497428594,-0.620265169764927,0.329999980111008,0.485685232106011,0,9.67671232876712,1
"857",13,857,-0.534025361658051,0.585658154264344,0.807603648096085,-0.567020171331012,0,10.4,1
"859",13,859,0.968076277516742,-0.0173035758330364,0.807603648096085,1.01203809724198,0,11.8958904109589,1
"860",13,860,1.26849688815317,1.79158141021087,0.807603648096085,2.064743500679,0,9.81369863013699,1
"862",13,862,-0.0833948390738734,-1.8261884937942,-0.147603818434792,-0.567020171331012,1,10.4712328767123,1
"863",13,863,-1.73570683672505,-1.22322686582094,-1.10281125595217,-0.0406674151400153,0,10.1424657534247,1
"876",13,876,0.517445815178494,-1.22322686582094,0.329999980111008,0.485685232106011,1,10.2602739726027,1
"877",13,877,-0.383815229989862,-0.620265169764927,-0.625207500926615,-0.0406674151400153,1,11.2301369863014,1
"905",13,905,-0.23360497428594,1.1886197822376,0.329999980111008,0.485685232106011,0,10.8328767123288,1
"3",14,3,-0.0833948390738734,-0.0173035758330364,0.807603648096085,-0.0406674151400153,1,12.1369863013699,0
"4",14,4,-1.73570683672505,-1.8261884937942,-0.147603818434792,-1.61972552029554,0,11.6109589041096,0
"5",14,5,1.86933765580964,1.79158141021087,0.807603648096085,0.485685232106011,1,11.1972602739726,0
"13",14,13,-1.73570683672505,-1.8261884937942,-0.147603818434792,-0.0406674151400153,0,11.3698630136986,0
"16",14,16,0.667656120496705,-1.22322686582094,-0.625207500926615,-0.567020171331012,1,11.227397260274,0
"17",14,17,0.21702554475436,1.1886197822376,-0.625207500926615,-0.567020171331012,0,11.1643835616438,0
"20",14,20,0.21702554475436,-0.0173035758330364,0.807603648096085,1.01203809724198,1,10.8547945205479,0
"21",14,21,-0.684235564203801,-1.22322686582094,-0.625207500926615,-1.61972552029554,0,11.2109589041096,0
"24",14,24,0.066815409542292,-0.620265169764927,0.807603648096085,1.01203809724198,1,10.6630136986301,0
"25",14,25,-0.984655877154472,-0.620265169764927,0.807603648096085,-0.0406674151400153,1,10.8356164383562,0
"26",14,26,-0.383815229989862,-0.0173035758330364,1.28520731608116,-0.0406674151400153,1,12.0821917808219,0
"37",14,37,0.21702554475436,-0.620265169764927,-1.10281125595217,0.485685232106011,1,10.1616438356164,0
"38",14,38,-0.23360497428594,-0.0173035758330364,-0.625207500926615,0.485685232106011,1,10.972602739726,0
"39",14,39,-1.13486606906859,0.585658154264344,-1.58041492393725,-1.61972552029554,0,11.7561643835616,0
"48",14,48,0.066815409542292,-1.22322686582094,-2.0580187079763,-0.0406674151400153,1,13.1945205479452,0
"298",14,298,1.71912735049142,0.585658154264344,2.24041465205131,-0.567020171331012,1,11.1780821917808,0
"342",14,342,-0.684235564203801,-0.620265169764927,0.807603648096085,-1.61972552029554,0,10.772602739726,0
"481",15,481,-1.73570683672505,-1.8261884937942,-1.10281125595217,-0.0406674151400153,0,12.8493150684932,1
"492",15,492,-0.684235564203801,-0.0173035758330364,0.329999980111008,0.485685232106011,0,11.1479452054795,1
"549",15,549,-0.23360497428594,-0.0173035758330364,-2.0580187079763,-0.0406674151400153,0,11.9643835616438,1
"734",15,734,0.21702554475436,0.585658154264344,0.329999980111008,1.53839069001552,1,10.7890410958904,1
"735",15,735,-0.383815229989862,1.1886197822376,0.329999980111008,-0.0406674151400153,0,11.1452054794521,1
"736",15,736,0.517445815178494,-0.620265169764927,0.329999980111008,1.53839069001552,0,10.8328767123288,1
"771",15,771,-1.13486606906859,-0.620265169764927,-1.10281125595217,-1.09337287304952,0,11.2027397260274,1
"772",15,772,-1.13486606906859,-0.620265169764927,-0.147603818434792,-1.09337287304952,0,10.8465753424658,1
"773",15,773,1.418706739855,-1.8261884937942,0.329999980111008,-0.0406674151400153,1,10.9287671232877,1
"774",15,774,-0.383815229989862,1.1886197822376,0.329999980111008,-0.0406674151400153,0,10.8493150684932,1
"775",15,775,1.11828658283496,1.1886197822376,-0.147603818434792,0.485685232106011,1,11.1287671232877,1
"776",15,776,-1.28507626098271,-1.22322686582094,-1.10281125595217,-1.09337287304952,0,11.2356164383562,1
"777",15,777,1.71912735049142,-0.0173035758330364,1.76281098406624,1.01203809724198,1,11.2876712328767,1
"821",15,821,-1.73570683672505,0.585658154264344,-1.10281125595217,-0.567020171331012,0,15.358904109589,1
"843",15,843,0.667656120496705,-0.0173035758330364,-0.147603818434792,0.485685232106011,0,10.9698630136986,1
"858",15,858,0.21702554475436,-1.22322686582094,-1.58041492393725,-0.567020171331012,0,11.2712328767123,1
"875",15,875,-0.534025361658051,1.79158141021087,0.329999980111008,-1.09337287304952,0,10.813698630137,1
"881",15,881,0.367235679966426,0.585658154264344,0.329999980111008,1.01203809724198,0,11.3178082191781,1
"897",15,897,1.11828658283496,-0.0173035758330364,0.807603648096085,-0.0406674151400153,1,10.2246575342466,1
"425",16,425,-0.383815229989862,0.585658154264344,-1.10281125595217,-1.09337287304952,1,11.0493150684932,1
"428",16,428,-0.834445685240356,-1.22322686582094,-0.147603818434792,-0.567020171331012,0,12.4383561643836,1
"431",16,431,-0.383815229989862,-1.22322686582094,-0.147603818434792,2.064743500679,0,11.4301369863014,1
"439",16,439,0.517445815178494,0.585658154264344,-0.147603818434792,-0.567020171331012,1,15.5205479452055,1
"471",16,471,1.11828658283496,1.1886197822376,1.28520731608116,0.485685232106011,0,11.172602739726,1
"507",16,507,0.066815409542292,0.585658154264344,-0.625207500926615,1.01203809724198,0,12.041095890411,1
"577",16,577,1.71912735049142,0.585658154264344,0.329999980111008,1.01203809724198,1,10.2657534246575,1
"621",16,621,2.01954773431965,-0.0173035758330364,0.329999980111008,1.01203809724198,0,12.2739726027397,1
"622",16,622,0.517445815178494,-0.0173035758330364,0.329999980111008,-1.09337287304952,0,10.2465753424658,1
"623",16,623,2.16975781282968,1.1886197822376,0.807603648096085,-0.567020171331012,1,10.8602739726027,1
"624",16,624,1.11828658283496,0.585658154264344,-1.10281125595217,-0.0406674151400153,1,10.2520547945205,1
"625",16,625,1.71912735049142,-0.0173035758330364,1.76281098406624,-0.567020171331012,1,10.4767123287671,1
"626",16,626,1.11828658283496,-0.0173035758330364,0.329999980111008,-0.567020171331012,1,11.0164383561644,1
"627",16,627,-0.684235564203801,0.585658154264344,-0.147603818434792,0.485685232106011,0,10.4739726027397,1
"628",16,628,-0.984655877154472,-1.22322686582094,-0.625207500926615,0.485685232106011,0,11.1479452054795,1
"629",16,629,0.817866312410827,0.585658154264344,-0.625207500926615,-0.0406674151400153,1,11.0657534246575,1
"636",16,636,1.86933765580964,1.1886197822376,-0.147603818434792,-1.09337287304952,0,11.8493150684932,1
"637",16,637,0.21702554475436,-0.0173035758330364,-0.625207500926615,-1.09337287304952,0,11.1698630136986,1
"666",16,666,0.21702554475436,1.1886197822376,-1.10281125595217,-0.567020171331012,0,10.6027397260274,1
"667",16,667,0.667656120496705,0.585658154264344,1.28520731608116,-0.0406674151400153,1,11.3369863013699,1
"724",16,724,0.21702554475436,-0.0173035758330364,0.329999980111008,-0.567020171331012,1,11.7205479452055,1
"733",16,733,1.56891704517321,-0.0173035758330364,0.807603648096085,0.485685232106011,0,10.4383561643836,1
"744",16,744,-1.28507626098271,-1.22322686582094,-1.10281125595217,-0.567020171331012,0,10.786301369863,1
"759",16,759,0.817866312410827,-0.0173035758330364,1.28520731608116,-0.0406674151400153,0,11.3013698630137,1
"760",16,760,0.968076277516742,0.585658154264344,-0.625207500926615,-0.567020171331012,1,10.5095890410959,1
"769",16,769,1.11828658283496,-1.8261884937942,0.329999980111008,-0.0406674151400153,0,10.4821917808219,1
"770",16,770,0.667656120496705,-0.620265169764927,0.329999980111008,-0.567020171331012,1,10.3178082191781,1
"826",16,826,1.418706739855,0.585658154264344,1.28520731608116,-0.567020171331012,1,10.6876712328767,1
"827",16,827,-1.28507626098271,-0.620265169764927,-1.58041492393725,-0.0406674151400153,0,11.0794520547945,1
"848",16,848,0.667656120496705,1.1886197822376,-2.0580187079763,-0.567020171331012,0,11.0054794520548,1
"898",16,898,0.968076277516742,-1.22322686582094,-0.625207500926615,-0.0406674151400153,1,11.1260273972603,1
"900",16,900,0.517445815178494,0.585658154264344,-1.58041492393725,-0.567020171331012,0,11.2,1
"901",16,901,2.31996811814789,0.585658154264344,0.329999980111008,-0.0406674151400153,0,10.7452054794521,1
"902",16,902,1.26849688815317,1.1886197822376,-0.625207500926615,-0.0406674151400153,1,10.4,1
"468",17,468,-1.28507626098271,-1.22322686582094,-0.625207500926615,-1.61972552029554,0,11.4,1
"506",17,506,-0.534025361658051,-0.620265169764927,-0.625207500926615,-0.567020171331012,1,10.5616438356164,1
"639",17,639,-0.534025361658051,-0.0173035758330364,-0.625207500926615,-0.567020171331012,1,10.7780821917808,1
"644",17,644,2.01954773431965,-0.0173035758330364,0.329999980111008,0.485685232106011,1,10.586301369863,1
"645",17,645,1.56891704517321,1.1886197822376,1.28520731608116,2.59109609345255,0,11.1534246575342,1
"650",17,650,0.066815409542292,0.585658154264344,-0.147603818434792,1.53839069001552,0,11.5479452054795,1
"766",17,766,-1.13486606906859,-0.0173035758330364,-1.10281125595217,-1.61972552029554,0,12.1205479452055,1
"823",17,823,0.066815409542292,0.585658154264344,1.28520731608116,1.01203809724198,0,10.2794520547945,1
"824",17,824,0.066815409542292,-0.0173035758330364,-1.10281125595217,-0.567020171331012,1,10.6575342465753,1
"839",17,839,0.817866312410827,-0.620265169764927,-0.147603818434792,2.064743500679,0,10.6520547945205,1
"841",17,841,-0.534025361658051,-1.8261884937942,-1.58041492393725,-1.61972552029554,1,10.4219178082192,1
"469",18,469,-1.73570683672505,-0.0173035758330364,-2.0580187079763,-0.0406674151400153,0,11.6602739726027,1
"482",18,482,-1.13486606906859,-1.22322686582094,-1.10281125595217,-1.09337287304952,0,12.6465753424658,1
"510",18,510,-1.13486606906859,-0.0173035758330364,-1.10281125595217,-0.0406674151400153,0,11.4383561643836,1
"511",18,511,-0.684235564203801,-0.0173035758330364,-0.625207500926615,-1.09337287304952,1,15.3205479452055,1
"517",18,517,-1.73570683672505,-0.620265169764927,-1.58041492393725,-1.61972552029554,0,11.7616438356164,1
"518",18,518,0.667656120496705,1.1886197822376,0.807603648096085,-1.09337287304952,1,11.3369863013699,1
"519",18,519,0.066815409542292,-0.620265169764927,-2.0580187079763,-0.0406674151400153,1,11.3479452054795,1
"520",18,520,-0.0833948390738734,-0.0173035758330364,-0.625207500926615,0.485685232106011,0,14.241095890411,1
"522",18,522,-0.23360497428594,1.1886197822376,1.28520731608116,1.53839069001552,0,11.3260273972603,1
"527",18,527,0.667656120496705,-0.0173035758330364,0.807603648096085,-0.0406674151400153,1,11.1917808219178,1
"531",18,531,-0.23360497428594,-0.0173035758330364,0.807603648096085,-1.09337287304952,0,11.2465753424658,1
"539",18,539,-1.13486606906859,0.585658154264344,-1.58041492393725,-0.567020171331012,0,10.8356164383562,1
"540",18,540,0.517445815178494,0.585658154264344,-1.58041492393725,-1.61972552029554,0,10.9068493150685,1
"541",18,541,-1.73570683672505,-0.620265169764927,0.329999980111008,1.01203809724198,0,11.1397260273973,1
"542",18,542,0.968076277516742,-0.0173035758330364,0.807603648096085,-0.0406674151400153,0,12.2109589041096,1
"543",18,543,-0.383815229989862,1.1886197822376,-2.0580187079763,-0.567020171331012,1,10.6493150684932,1
"544",18,544,0.066815409542292,0.585658154264344,1.28520731608116,2.064743500679,1,11.1506849315068,1
"545",18,545,-0.834445685240356,-0.620265169764927,-1.58041492393725,-1.09337287304952,1,10.9095890410959,1
"546",18,546,-0.23360497428594,0.585658154264344,-0.625207500926615,1.01203809724198,1,10.8931506849315,1
"562",18,562,0.517445815178494,0.585658154264344,-1.58041492393725,-1.61972552029554,0,10.9616438356164,1
"565",18,565,-0.534025361658051,1.1886197822376,1.28520731608116,-0.567020171331012,1,10.9534246575342,1
"569",18,569,0.968076277516742,-0.0173035758330364,-0.147603818434792,-0.567020171331012,1,10.5972602739726,1
"589",18,589,0.21702554475436,-0.620265169764927,0.807603648096085,-0.0406674151400153,0,11.3917808219178,1
"594",18,594,0.968076277516742,-0.0173035758330364,0.807603648096085,-0.0406674151400153,1,10.8684931506849,1
"595",18,595,0.066815409542292,0.585658154264344,-1.58041492393725,-1.61972552029554,0,11.4986301369863,1
"597",18,597,-1.58549664481094,0.585658154264344,-1.58041492393725,-0.0406674151400153,0,13.158904109589,1
"598",18,598,0.21702554475436,0.585658154264344,-1.10281125595217,2.59109609345255,0,12.8986301369863,1
"599",18,599,-0.984655877154472,-1.22322686582094,-2.0580187079763,-0.567020171331012,0,12.8109589041096,1
"657",18,657,-1.13486606906859,-1.22322686582094,-0.625207500926615,-1.61972552029554,1,10.7397260273973,1
"658",18,658,0.667656120496705,0.585658154264344,-0.147603818434792,-1.09337287304952,0,10.4712328767123,1
"662",18,662,0.517445815178494,1.1886197822376,1.76281098406624,-0.567020171331012,0,11.1945205479452,1
"677",18,677,1.11828658283496,1.79158141021087,1.28520731608116,2.59109609345255,0,11.4246575342466,1
"725",18,725,0.21702554475436,1.1886197822376,1.28520731608116,1.01203809724198,0,11.0821917808219,1
"756",18,756,2.16975781282968,0.585658154264344,0.329999980111008,0.485685232106011,0,11.0520547945205,1
"879",18,879,-1.43528645289682,-0.0173035758330364,-1.58041492393725,-1.09337287304952,0,12.2684931506849,1
"427",19,427,0.667656120496705,1.1886197822376,0.807603648096085,-0.0406674151400153,1,11.4383561643836,1
"448",19,448,1.71912735049142,1.1886197822376,1.28520731608116,-1.09337287304952,0,10.6821917808219,1
"451",19,451,0.21702554475436,-1.22322686582094,-0.625207500926615,-0.567020171331012,0,12.3232876712329,1
"475",19,475,0.667656120496705,0.585658154264344,-0.147603818434792,-1.61972552029554,1,11.572602739726,1
"487",19,487,0.817866312410827,-0.0173035758330364,1.28520731608116,1.53839069001552,0,12.9041095890411,1
"493",19,493,0.517445815178494,1.1886197822376,1.28520731608116,-0.567020171331012,0,10.5041095890411,1
"494",19,494,0.667656120496705,1.1886197822376,-0.147603818434792,0.485685232106011,0,10.5205479452055,1
"503",19,503,0.517445815178494,-0.0173035758330364,-0.147603818434792,-0.567020171331012,0,12.4739726027397,1
"523",19,523,0.367235679966426,-0.0173035758330364,1.28520731608116,-0.567020171331012,1,10.9506849315068,1
"590",19,590,1.418706739855,1.79158141021087,1.28520731608116,-0.567020171331012,1,10.7123287671233,1
"593",19,593,1.418706739855,1.1886197822376,0.807603648096085,-0.0406674151400153,1,11.1342465753425,1
"630",19,630,1.418706739855,1.1886197822376,0.807603648096085,0.485685232106011,1,11.0109589041096,1
"631",19,631,-0.23360497428594,-0.0173035758330364,-0.147603818434792,-0.567020171331012,0,10.786301369863,1
"632",19,632,0.968076277516742,0.585658154264344,0.329999980111008,0.485685232106011,0,10.8164383561644,1
"633",19,633,0.517445815178494,0.585658154264344,1.76281098406624,2.064743500679,1,11.2191780821918,1
"634",19,634,0.968076277516742,0.585658154264344,1.76281098406624,2.064743500679,0,10.2082191780822,1
"661",19,661,1.418706739855,-0.0173035758330364,0.807603648096085,-0.0406674151400153,0,10.8575342465753,1
"668",19,668,0.517445815178494,-1.22322686582094,0.329999980111008,-0.0406674151400153,1,10.4575342465753,1
"743",19,743,1.26849688815317,1.1886197822376,1.28520731608116,-0.0406674151400153,0,10.3506849315068,1
"783",19,783,0.517445815178494,1.1886197822376,1.28520731608116,-0.0406674151400153,0,10.6602739726027,1
"784",19,784,1.56891704517321,1.79158141021087,1.28520731608116,-1.09337287304952,0,11.2438356164384,1
"822",19,822,0.968076277516742,1.1886197822376,0.807603648096085,-0.0406674151400153,0,12.3616438356164,1
"825",19,825,0.968076277516742,1.79158141021087,1.76281098406624,1.01203809724198,1,10.0739726027397,1
"868",19,868,-0.834445685240356,-0.0173035758330364,-1.10281125595217,1.53839069001552,1,9.96986301369863,1
"869",19,869,0.667656120496705,1.1886197822376,0.807603648096085,-0.0406674151400153,1,12.0904109589041,1
"874",19,874,0.21702554475436,0.585658154264344,0.329999980111008,1.53839069001552,1,10.1890410958904,1
"903",19,903,1.71912735049142,1.1886197822376,1.76281098406624,1.01203809724198,0,10.4109589041096,1
"904",19,904,-0.0833948390738734,0.585658154264344,1.28520731608116,0.485685232106011,0,10.3260273972603,1
"440",20,440,-1.28507626098271,-0.620265169764927,-0.625207500926615,-1.61972552029554,0,15.0493150684932,1
"449",20,449,-1.13486606906859,1.79158141021087,0.329999980111008,-0.567020171331012,0,10.8465753424658,1
"571",20,571,1.56891704517321,0.585658154264344,0.329999980111008,-0.0406674151400153,0,12.013698630137,1
"575",20,575,0.517445815178494,-0.0173035758330364,0.329999980111008,-0.0406674151400153,1,10.8821917808219,1
"651",20,651,-1.28507626098271,0.585658154264344,0.329999980111008,0.485685232106011,1,12.3123287671233,1
"678",20,678,0.21702554475436,0.585658154264344,-0.147603818434792,-0.567020171331012,1,10.6027397260274,1
"726",20,726,-0.984655877154472,-0.0173035758330364,-0.625207500926615,-0.567020171331012,1,11.9150684931507,1
"761",20,761,0.517445815178494,1.1886197822376,0.329999980111008,0.485685232106011,0,11.1890410958904,1
"762",20,762,0.517445815178494,0.585658154264344,-0.147603818434792,-0.0406674151400153,1,10.7397260273973,1
"832",20,832,-1.28507626098271,0.585658154264344,0.329999980111008,-0.567020171331012,1,11.1041095890411,1
"833",20,833,-0.23360497428594,-1.22322686582094,0.807603648096085,-1.09337287304952,0,10.4027397260274,1
"866",20,866,-0.0833948390738734,-0.620265169764927,-0.147603818434792,0.485685232106011,1,10.5835616438356,1
"893",20,893,-1.73570683672505,1.79158141021087,-1.10281125595217,-1.61972552029554,0,10.3616438356164,1
"30",21,30,0.517445815178494,0.585658154264344,-2.0580187079763,-0.567020171331012,0,11.6712328767123,0
"42",21,42,-1.43528645289682,-1.22322686582094,-0.147603818434792,1.01203809724198,0,14.7917808219178,0
"44",21,44,-0.383815229989862,-0.620265169764927,-2.0580187079763,-0.567020171331012,0,11.627397260274,0
"55",21,55,1.56891704517321,1.1886197822376,0.807603648096085,0.485685232106011,0,11.2438356164384,0
"56",21,56,-0.984655877154472,-0.0173035758330364,-1.10281125595217,0.485685232106011,1,10.4739726027397,0
"57",21,57,1.11828658283496,0.585658154264344,1.28520731608116,-1.61972552029554,1,10.9150684931507,0
"59",21,59,-0.23360497428594,0.585658154264344,0.329999980111008,-0.567020171331012,0,11.1150684931507,0
"63",21,63,-0.534025361658051,-0.620265169764927,0.329999980111008,-0.567020171331012,0,10.9561643835616,0
"67",21,67,-0.834445685240356,-1.8261884937942,0.807603648096085,-0.0406674151400153,0,11.4438356164384,0
"72",21,72,-0.534025361658051,-0.620265169764927,-2.0580187079763,1.01203809724198,1,10.4657534246575,0
"73",21,73,-0.834445685240356,-2.42915012176746,-1.58041492393725,-0.0406674151400153,1,10.3616438356164,0
"74",21,74,-0.23360497428594,-1.22322686582094,0.329999980111008,0.485685232106011,1,10.6849315068493,0
"76",21,76,1.26849688815317,1.1886197822376,0.329999980111008,1.53839069001552,1,10.7315068493151,0
"164",21,164,1.56891704517321,1.1886197822376,0.807603648096085,0.485685232106011,0,11.0164383561644,0
"165",21,165,1.71912735049142,1.1886197822376,1.28520731608116,0.485685232106011,1,11.1232876712329,0
"166",21,166,-0.834445685240356,-0.620265169764927,-1.10281125595217,-0.567020171331012,1,10.9698630136986,0
"167",21,167,1.11828658283496,0.585658154264344,-0.147603818434792,1.53839069001552,1,11.2356164383562,0
"168",21,168,-1.73570683672505,0.585658154264344,-1.58041492393725,-0.567020171331012,0,11.3780821917808,0
"169",21,169,-0.834445685240356,1.1886197822376,0.807603648096085,-0.0406674151400153,0,11.0849315068493,0
"170",21,170,-0.0833948390738734,-1.22322686582094,-0.625207500926615,-0.567020171331012,1,11.4164383561644,0
"188",21,188,-1.58549664481094,-2.42915012176746,-2.0580187079763,-1.61972552029554,0,10.5452054794521,0
"189",21,189,-1.28507626098271,-1.8261884937942,-2.0580187079763,-0.567020171331012,1,14.1808219178082,0
"190",21,190,0.817866312410827,-0.620265169764927,1.28520731608116,-0.0406674151400153,1,10.4958904109589,0
"270",21,270,1.26849688815317,-0.0173035758330364,0.807603648096085,-1.09337287304952,1,11.4712328767123,0
"271",21,271,0.21702554475436,-1.22322686582094,-1.10281125595217,-0.0406674151400153,0,10.6520547945205,0
"272",21,272,-0.534025361658051,-0.620265169764927,-0.625207500926615,0.485685232106011,0,11.0684931506849,0
"273",21,273,1.86933765580964,0.585658154264344,-0.147603818434792,0.485685232106011,1,11.0465753424658,0
"293",21,293,-0.834445685240356,-0.0173035758330364,-1.10281125595217,1.01203809724198,1,11.2082191780822,0
"294",21,294,1.71912735049142,-1.22322686582094,1.28520731608116,-0.0406674151400153,1,11.3561643835616,0
"295",21,295,0.21702554475436,-1.22322686582094,1.76281098406624,-0.567020171331012,0,11.8054794520548,0
"296",21,296,-0.0833948390738734,-0.0173035758330364,-0.147603818434792,-1.09337287304952,1,11.2301369863014,0
"304",21,304,-0.534025361658051,-0.0173035758330364,0.807603648096085,-1.09337287304952,1,11.0931506849315,0
"305",21,305,0.21702554475436,-1.22322686582094,-0.147603818434792,-1.09337287304952,0,10.2027397260274,0
"321",21,321,0.367235679966426,-1.22322686582094,-1.58041492393725,-0.567020171331012,1,10.8904109589041,0
"346",21,346,-0.984655877154472,-1.22322686582094,-0.147603818434792,0.485685232106011,0,10.8602739726027,0
"423",22,423,-1.43528645289682,-0.0173035758330364,-1.58041492393725,-0.567020171331012,1,14.9561643835616,1
"426",22,426,-0.684235564203801,-1.8261884937942,-0.625207500926615,-1.61972552029554,0,10.8767123287671,1
"445",22,445,0.517445815178494,1.79158141021087,0.807603648096085,1.01203809724198,0,11.2438356164384,1
"454",22,454,-0.23360497428594,-0.620265169764927,-1.10281125595217,-1.09337287304952,0,10.9506849315068,1
"455",22,455,-0.684235564203801,-1.22322686582094,-1.10281125595217,0.485685232106011,0,10.4849315068493,1
"457",22,457,0.066815409542292,-1.22322686582094,-0.625207500926615,-0.0406674151400153,0,11.5643835616438,1
"470",22,470,-1.73570683672505,-1.22322686582094,-0.625207500926615,-1.09337287304952,0,11.1095890410959,1
"484",22,484,1.11828658283496,-1.8261884937942,-0.147603818434792,-0.0406674151400153,1,10.6520547945205,1
"488",22,488,-0.984655877154472,-2.42915012176746,-2.0580187079763,-1.61972552029554,1,11.2684931506849,1
"489",22,489,0.517445815178494,0.585658154264344,-0.147603818434792,-0.0406674151400153,0,12.3424657534247,1
"491",22,491,-1.73570683672505,-0.620265169764927,-1.58041492393725,1.01203809724198,0,9.9041095890411,1
"496",22,496,0.667656120496705,1.1886197822376,1.76281098406624,2.064743500679,0,10.958904109589,1
"497",22,497,-0.383815229989862,-0.0173035758330364,0.807603648096085,0.485685232106011,0,10.4767123287671,1
"528",22,528,-0.383815229989862,-0.0173035758330364,0.807603648096085,-0.567020171331012,0,10.6821917808219,1
"652",22,652,0.367235679966426,0.585658154264344,-0.147603818434792,-0.567020171331012,0,12.9150684931507,1
"768",22,768,-1.73570683672505,-2.42915012176746,-2.0580187079763,-1.61972552029554,1,14.4219178082192,1
"797",22,797,-1.28507626098271,-1.22322686582094,1.28520731608116,-1.09337287304952,1,11.1150684931507,1
"798",22,798,-0.383815229989862,0.585658154264344,-0.625207500926615,-0.0406674151400153,0,10.986301369863,1
"812",22,812,0.066815409542292,-0.0173035758330364,0.807603648096085,2.59109609345255,0,10.7424657534247,1
"813",22,813,-1.28507626098271,-0.620265169764927,0.329999980111008,-0.567020171331012,1,10.8657534246575,1
"820",22,820,-0.534025361658051,-1.22322686582094,-2.0580187079763,-0.567020171331012,1,11.3369863013699,1
"849",22,849,-0.23360497428594,0.585658154264344,-0.625207500926615,-0.567020171331012,1,11.6328767123288,1
"867",22,867,-1.73570683672505,0.585658154264344,-0.147603818434792,-1.61972552029554,0,10.3205479452055,1
"882",22,882,-0.23360497428594,-0.620265169764927,0.329999980111008,-0.0406674151400153,0,12.6438356164384,1
"883",22,883,1.11828658283496,-0.620265169764927,0.329999980111008,-0.0406674151400153,1,11.7397260273973,1
"884",22,884,-0.684235564203801,-1.22322686582094,-0.147603818434792,-1.09337287304952,0,11.0547945205479,1
"885",22,885,0.066815409542292,-0.620265169764927,0.329999980111008,-0.567020171331012,1,10.9397260273973,1
"886",22,886,0.367235679966426,-1.22322686582094,-0.625207500926615,-1.09337287304952,0,10.186301369863,1
"887",22,887,0.066815409542292,0.585658154264344,-0.625207500926615,-0.567020171331012,1,10.7671232876712,1
"888",22,888,0.066815409542292,1.1886197822376,0.807603648096085,-0.0406674151400153,0,11.2575342465753,1
"889",22,889,-0.534025361658051,0.585658154264344,-1.58041492393725,-1.09337287304952,0,10.0438356164384,1
"890",22,890,0.517445815178494,0.585658154264344,0.807603648096085,-0.0406674151400153,1,10.7835616438356,1
"891",22,891,-0.834445685240356,-0.620265169764927,-0.625207500926615,1.01203809724198,0,11.0712328767123,1
"892",22,892,-0.984655877154472,-0.0173035758330364,-1.10281125595217,-0.567020171331012,1,10.9397260273973,1
"7",23,7,-0.684235564203801,-0.0173035758330364,-1.10281125595217,-0.0406674151400153,1,11.6054794520548,0
"9",23,9,-1.28507626098271,0.585658154264344,0.807603648096085,-0.0406674151400153,0,12.0027397260274,0
"54",23,54,-0.383815229989862,-0.620265169764927,1.28520731608116,0.485685232106011,1,12.613698630137,0
"105",23,105,1.26849688815317,-0.0173035758330364,-0.147603818434792,1.01203809724198,0,10.6246575342466,0
"173",23,173,0.066815409542292,-0.0173035758330364,0.807603648096085,-0.0406674151400153,1,11.5013698630137,0
"174",23,174,-0.0833948390738734,-0.620265169764927,-0.147603818434792,-0.567020171331012,0,12.158904109589,0
"175",23,175,-0.383815229989862,1.79158141021087,0.329999980111008,0.485685232106011,0,11.1972602739726,0
"176",23,176,-0.23360497428594,1.1886197822376,0.329999980111008,0.485685232106011,0,11.2986301369863,0
"177",23,177,2.01954773431965,1.1886197822376,0.807603648096085,1.01203809724198,1,11.2520547945205,0
"178",23,178,-1.28507626098271,-1.8261884937942,-0.625207500926615,-0.0406674151400153,1,11.2876712328767,0
"179",23,179,1.26849688815317,-0.0173035758330364,0.329999980111008,-0.0406674151400153,0,11.1671232876712,0
"180",23,180,1.56891704517321,0.585658154264344,-0.147603818434792,-1.09337287304952,0,11.2301369863014,0
"181",23,181,0.968076277516742,0.585658154264344,0.329999980111008,-1.09337287304952,1,10.8904109589041,0
"229",23,229,-0.684235564203801,0.585658154264344,-1.10281125595217,-0.0406674151400153,1,11.3671232876712,0
"230",23,230,-0.834445685240356,-0.620265169764927,0.329999980111008,-1.61972552029554,1,10.7095890410959,0
"233",23,233,-0.534025361658051,-0.620265169764927,0.329999980111008,-0.567020171331012,1,11.7780821917808,0
"250",23,250,1.11828658283496,-0.0173035758330364,0.329999980111008,-0.0406674151400153,1,10.7068493150685,0
"251",23,251,0.367235679966426,-0.0173035758330364,-0.147603818434792,-0.567020171331012,0,10.5342465753425,0
"292",23,292,1.26849688815317,1.1886197822376,0.807603648096085,-1.09337287304952,1,10.4356164383562,0
"325",23,325,0.066815409542292,0.585658154264344,-1.10281125595217,-0.567020171331012,0,13.5616438356164,0
"378",23,378,-0.383815229989862,-0.620265169764927,-0.147603818434792,-1.61972552029554,1,10.8356164383562,0
"499",24,499,-1.73570683672505,0.585658154264344,-0.625207500926615,-1.09337287304952,0,11.7178082191781,1
"502",24,502,1.26849688815317,0.585658154264344,-0.147603818434792,1.53839069001552,1,10.3698630136986,1
"524",24,524,0.667656120496705,1.79158141021087,0.807603648096085,2.59109609345255,0,10.4383561643836,1
"533",24,533,0.21702554475436,-1.22322686582094,0.807603648096085,-0.0406674151400153,1,10.7315068493151,1
"534",24,534,0.817866312410827,1.79158141021087,-1.10281125595217,-0.0406674151400153,0,10.9013698630137,1
"535",24,535,0.667656120496705,-0.0173035758330364,0.329999980111008,1.01203809724198,1,11.2109589041096,1
"537",24,537,-0.684235564203801,0.585658154264344,0.329999980111008,0.485685232106011,0,10.9671232876712,1
"547",24,547,1.56891704517321,1.1886197822376,0.807603648096085,1.53839069001552,1,12.1397260273973,1
"572",24,572,0.667656120496705,0.585658154264344,0.329999980111008,-0.0406674151400153,1,10.9068493150685,1
"573",24,573,-0.834445685240356,-1.8261884937942,-1.10281125595217,0.485685232106011,0,11.2794520547945,1
"574",24,574,0.367235679966426,0.585658154264344,-0.147603818434792,-1.09337287304952,1,11.1479452054795,1
"646",24,646,-0.684235564203801,-0.0173035758330364,-1.58041492393725,-1.09337287304952,1,12.2575342465753,1
"740",24,740,-0.0833948390738734,-0.0173035758330364,-0.147603818434792,-1.09337287304952,0,10.6493150684932,1
"758",24,758,-0.984655877154472,-1.22322686582094,-1.10281125595217,-1.09337287304952,1,11.3315068493151,1
"894",24,894,-1.73570683672505,-0.620265169764927,-0.147603818434792,1.01203809724198,0,11.1643835616438,1
"896",24,896,0.367235679966426,-1.22322686582094,-0.147603818434792,-0.567020171331012,1,10.0602739726027,1
"424",25,424,-1.73570683672505,-0.0173035758330364,-1.10281125595217,-0.567020171331012,0,17.0054794520548,1
"429",25,429,0.517445815178494,0.585658154264344,1.28520731608116,-0.567020171331012,0,12.6986301369863,1
"435",25,435,-1.73570683672505,-1.22322686582094,-1.10281125595217,-0.0406674151400153,1,10.7534246575342,1
"443",25,443,1.11828658283496,0.585658154264344,0.807603648096085,-0.567020171331012,1,11.2109589041096,1
"444",25,444,-1.58549664481094,1.1886197822376,1.76281098406624,-1.61972552029554,0,12.5260273972603,1
"452",25,452,-1.73570683672505,-1.22322686582094,0.329999980111008,-0.567020171331012,1,13.6657534246575,1
"466",25,466,-0.534025361658051,-0.0173035758330364,0.329999980111008,-0.567020171331012,1,10.4438356164384,1
"467",25,467,-1.28507626098271,-0.0173035758330364,-1.58041492393725,-1.09337287304952,0,10.8493150684932,1
"476",25,476,-0.383815229989862,1.1886197822376,-0.147603818434792,-0.0406674151400153,0,10.9808219178082,1
"479",25,479,-1.28507626098271,0.585658154264344,-1.58041492393725,-1.61972552029554,0,13.7561643835616,1
"498",25,498,-1.73570683672505,-1.8261884937942,-1.58041492393725,-0.0406674151400153,0,16.3561643835616,1
"505",25,505,-1.13486606906859,-0.0173035758330364,-1.10281125595217,1.01203809724198,1,11.8465753424658,1
"563",25,563,0.066815409542292,-0.620265169764927,0.807603648096085,-1.09337287304952,0,10.6027397260274,1
"564",25,564,-1.43528645289682,-0.620265169764927,0.807603648096085,-1.61972552029554,1,13.3808219178082,1
"570",25,570,0.968076277516742,0.585658154264344,0.329999980111008,0.485685232106011,1,10.986301369863,1
"576",25,576,0.968076277516742,-0.620265169764927,0.329999980111008,-0.0406674151400153,0,12.1616438356164,1
"578",25,578,-1.73570683672505,-0.620265169764927,0.807603648096085,0.485685232106011,1,11.8931506849315,1
"579",25,579,-0.984655877154472,-0.0173035758330364,-0.147603818434792,-0.567020171331012,0,11.9123287671233,1
"580",25,580,-1.73570683672505,-0.620265169764927,-0.147603818434792,-0.567020171331012,0,12.1698630136986,1
"581",25,581,0.21702554475436,0.585658154264344,1.28520731608116,0.485685232106011,0,12.3534246575342,1
"582",25,582,-0.834445685240356,-0.620265169764927,-1.58041492393725,-0.567020171331012,1,12.7260273972603,1
"584",25,584,-1.73570683672505,-2.42915012176746,-1.58041492393725,-1.61972552029554,0,12.386301369863,1
"592",25,592,-1.28507626098271,-0.0173035758330364,1.28520731608116,1.53839069001552,0,11.1890410958904,1
"618",25,618,0.968076277516742,0.585658154264344,0.807603648096085,-0.0406674151400153,1,10.7671232876712,1
"638",25,638,0.066815409542292,-0.620265169764927,0.329999980111008,-1.09337287304952,0,12.6794520547945,1
"640",25,640,-1.28507626098271,-1.22322686582094,-0.625207500926615,-1.09337287304952,1,15.1561643835616,1
"669",25,669,0.367235679966426,-0.0173035758330364,0.329999980111008,1.53839069001552,0,12.0219178082192,1
"697",25,697,0.21702554475436,-1.22322686582094,0.807603648096085,0.485685232106011,0,11.7397260273973,1
"698",25,698,-0.984655877154472,-0.0173035758330364,-1.10281125595217,0.485685232106011,0,13.2164383561644,1
"699",25,699,-0.383815229989862,-0.620265169764927,-1.10281125595217,-0.0406674151400153,1,11.4904109589041,1
"700",25,700,-1.73570683672505,0.585658154264344,0.329999980111008,-1.61972552029554,0,11.5561643835616,1
"701",25,701,-1.73570683672505,-0.620265169764927,-1.58041492393725,-1.09337287304952,1,12.1808219178082,1
"703",25,703,0.817866312410827,-0.0173035758330364,-1.10281125595217,-0.567020171331012,0,10.9506849315068,1
"704",25,704,-0.383815229989862,-0.0173035758330364,-1.10281125595217,-0.0406674151400153,0,11.3041095890411,1
"705",25,705,-0.684235564203801,-0.0173035758330364,-0.625207500926615,-0.567020171331012,0,11.3698630136986,1
"706",25,706,0.817866312410827,0.585658154264344,-1.10281125595217,1.01203809724198,1,10.7041095890411,1
"707",25,707,-1.73570683672505,-1.22322686582094,-1.10281125595217,-1.09337287304952,0,10.6219178082192,1
"709",25,709,-1.43528645289682,-2.42915012176746,-0.625207500926615,-1.61972552029554,1,11.1890410958904,1
"710",25,710,-0.0833948390738734,-0.0173035758330364,-0.625207500926615,-0.0406674151400153,0,11.1178082191781,1
"711",25,711,0.667656120496705,1.1886197822376,-0.147603818434792,-0.567020171331012,1,11.3808219178082,1
"712",25,712,-1.73570683672505,0.585658154264344,-1.10281125595217,-1.09337287304952,0,10.6328767123288,1
"713",25,713,0.968076277516742,0.585658154264344,-0.147603818434792,1.01203809724198,1,10.8164383561644,1
"714",25,714,-0.834445685240356,0.585658154264344,-0.625207500926615,-0.0406674151400153,0,11.3917808219178,1
"715",25,715,0.367235679966426,-2.42915012176746,-0.625207500926615,-0.0406674151400153,1,10.9260273972603,1
"716",25,716,0.968076277516742,-0.0173035758330364,1.28520731608116,-0.0406674151400153,1,11.1178082191781,1
"717",25,717,-0.684235564203801,-0.620265169764927,0.329999980111008,1.01203809724198,0,10.8931506849315,1
"718",25,718,0.21702554475436,1.1886197822376,2.24041465205131,0.485685232106011,0,10.5671232876712,1
"719",25,719,0.517445815178494,1.1886197822376,0.807603648096085,1.01203809724198,1,11.1150684931507,1
"720",25,720,-0.0833948390738734,1.79158141021087,-0.147603818434792,-0.0406674151400153,1,10.6328767123288,1
"721",25,721,-0.23360497428594,0.585658154264344,-0.147603818434792,-1.61972552029554,1,11.1945205479452,1
"722",25,722,0.667656120496705,0.585658154264344,1.28520731608116,0.485685232106011,0,10.613698630137,1
"723",25,723,0.367235679966426,0.585658154264344,0.807603648096085,-0.567020171331012,0,10.5643835616438,1
"742",25,742,1.71912735049142,1.1886197822376,0.329999980111008,-0.0406674151400153,1,10.413698630137,1
"754",25,754,-1.73570683672505,-1.22322686582094,-1.10281125595217,-1.09337287304952,1,11.5068493150685,1
"799",25,799,0.968076277516742,0.585658154264344,0.329999980111008,-0.567020171331012,0,11.2301369863014,1
"800",25,800,-1.73570683672505,-0.0173035758330364,-0.147603818434792,1.01203809724198,1,11.2465753424658,1
"801",25,801,-1.28507626098271,0.585658154264344,-1.58041492393725,0.485685232106011,1,10.586301369863,1
"802",25,802,-0.534025361658051,-0.620265169764927,-1.58041492393725,-1.09337287304952,0,10.3424657534247,1
"803",25,803,-0.534025361658051,-2.42915012176746,-2.0580187079763,-0.0406674151400153,0,10.441095890411,1
"804",25,804,-1.73570683672505,-2.42915012176746,-2.0580187079763,-1.61972552029554,0,11.027397260274,1
"805",25,805,-0.23360497428594,-1.22322686582094,-0.625207500926615,-0.0406674151400153,1,10.9150684931507,1
"806",25,806,-1.43528645289682,0.585658154264344,-1.10281125595217,-1.61972552029554,0,11.2575342465753,1
"807",25,807,-1.73570683672505,-0.0173035758330364,-0.625207500926615,-1.09337287304952,1,11.558904109589,1
"808",25,808,-0.534025361658051,1.79158141021087,-0.625207500926615,0.485685232106011,0,11.3753424657534,1
"809",25,809,-0.984655877154472,-0.620265169764927,-1.58041492393725,-1.09337287304952,0,10.7698630136986,1
"810",25,810,-1.73570683672505,-2.42915012176746,-1.58041492393725,-1.09337287304952,0,11.2602739726027,1
"811",25,811,1.26849688815317,-0.0173035758330364,0.329999980111008,0.485685232106011,1,10.6493150684932,1
"814",25,814,1.86933765580964,0.585658154264344,1.76281098406624,1.01203809724198,1,10.372602739726,1
"815",25,815,-0.383815229989862,-0.620265169764927,-0.147603818434792,0.485685232106011,1,10.4301369863014,1
"816",25,816,-1.73570683672505,-0.620265169764927,1.28520731608116,2.59109609345255,0,10.4356164383562,1
"817",25,817,-1.73570683672505,-2.42915012176746,-0.625207500926615,-1.09337287304952,0,10.4493150684932,1
"819",25,819,-0.0833948390738734,1.1886197822376,0.807603648096085,1.53839069001552,1,11.4246575342466,1
"838",25,838,0.066815409542292,-0.620265169764927,0.329999980111008,0.485685232106011,0,10.972602739726,1
"846",25,846,0.367235679966426,-0.620265169764927,-0.625207500926615,-0.567020171331012,1,13.5424657534247,1
"847",25,847,-0.834445685240356,-1.22322686582094,-1.58041492393725,0.485685232106011,0,12.3315068493151,1
"850",25,850,0.367235679966426,-0.620265169764927,-0.147603818434792,-1.09337287304952,1,10.8657534246575,1
"864",25,864,-1.73570683672505,1.79158141021087,-0.147603818434792,-0.0406674151400153,0,11.241095890411,1
"878",25,878,-0.23360497428594,1.1886197822376,-0.625207500926615,-1.61972552029554,1,11.1917808219178,1
"895",25,895,1.71912735049142,1.79158141021087,1.28520731608116,-0.0406674151400153,0,10.9232876712329,1
"906",25,906,-1.73570683672505,1.1886197822376,-0.625207500926615,1.01203809724198,1,11.1506849315068,1
"11",26,11,1.11828658283496,1.1886197822376,0.329999980111008,-0.567020171331012,0,10.9561643835616,0
"14",26,14,-1.43528645289682,-1.8261884937942,-0.625207500926615,-0.567020171331012,1,13.1479452054795,0
"15",26,15,-0.984655877154472,-0.0173035758330364,0.807603648096085,-0.0406674151400153,0,13.3561643835616,0
"18",26,18,-0.23360497428594,-0.620265169764927,0.329999980111008,-0.0406674151400153,0,13.6328767123288,0
"23",26,23,0.968076277516742,1.79158141021087,0.329999980111008,2.064743500679,0,11.3698630136986,0
"29",26,29,0.367235679966426,-0.0173035758330364,-0.625207500926615,-0.567020171331012,1,10.5369863013699,0
"32",26,32,-0.0833948390738734,-0.0173035758330364,-1.10281125595217,-0.567020171331012,1,10.7205479452055,0
"33",26,33,0.517445815178494,-0.0173035758330364,-0.147603818434792,-0.0406674151400153,0,11.2465753424658,0
"34",26,34,1.11828658283496,1.1886197822376,0.329999980111008,-0.567020171331012,1,11.1561643835616,0
"43",26,43,0.667656120496705,1.1886197822376,2.24041465205131,2.064743500679,0,11.1945205479452,0
"64",26,64,-0.383815229989862,-0.620265169764927,-1.58041492393725,-1.61972552029554,0,13.0054794520548,0
"65",26,65,-1.28507626098271,-0.0173035758330364,-0.625207500926615,0.485685232106011,0,13.0465753424658,0
"70",26,70,0.367235679966426,-0.620265169764927,1.76281098406624,-0.0406674151400153,0,13.3835616438356,0
"85",26,85,0.367235679966426,1.79158141021087,0.329999980111008,0.485685232106011,1,14.186301369863,0
"86",26,86,-1.58549664481094,-0.0173035758330364,-0.147603818434792,-1.61972552029554,0,12.9972602739726,0
"107",26,107,0.066815409542292,-0.620265169764927,1.28520731608116,0.485685232106011,1,12.7205479452055,0
"116",26,116,-0.23360497428594,1.1886197822376,-1.10281125595217,-0.0406674151400153,1,11.2684931506849,0
"141",26,141,0.517445815178494,-0.0173035758330364,-1.58041492393725,-1.09337287304952,1,11.3178082191781,0
"214",26,214,-1.58549664481094,-1.22322686582094,-0.625207500926615,0.485685232106011,0,11.8109589041096,0
"215",26,215,-0.834445685240356,0.585658154264344,-0.147603818434792,0.485685232106011,0,11.1698630136986,0
"216",26,216,-1.28507626098271,-0.620265169764927,-0.625207500926615,-1.61972552029554,0,11.3260273972603,0
"217",26,217,0.367235679966426,-0.0173035758330364,0.329999980111008,-0.567020171331012,0,11.1315068493151,0
"227",26,227,-0.534025361658051,-0.0173035758330364,0.329999980111008,-0.567020171331012,0,13.7479452054795,0
"299",26,299,-1.28507626098271,-1.22322686582094,-0.625207500926615,-0.0406674151400153,0,12.1397260273973,0
"300",26,300,-0.984655877154472,-0.0173035758330364,-1.10281125595217,-0.567020171331012,1,12.5835616438356,0
"301",26,301,-1.43528645289682,-0.0173035758330364,-0.625207500926615,-0.0406674151400153,0,11.786301369863,0
"341",26,341,-1.13486606906859,-0.620265169764927,-0.147603818434792,-1.09337287304952,1,11.8602739726027,0
"359",26,359,0.21702554475436,-0.620265169764927,-0.147603818434792,0.485685232106011,1,10.4246575342466,0
"364",26,364,0.367235679966426,1.1886197822376,0.807603648096085,2.064743500679,0,10.1479452054795,0
"391",26,391,-0.0833948390738734,0.585658154264344,-0.147603818434792,-0.567020171331012,0,10.4301369863014,0
"406",26,406,1.418706739855,1.79158141021087,0.807603648096085,-0.567020171331012,1,8.78356164383562,0
"416",26,416,0.517445815178494,1.1886197822376,1.28520731608116,0.485685232106011,1,11.3616438356164,0
"31",27,31,-1.73570683672505,-1.22322686582094,-0.625207500926615,-0.567020171331012,0,11.9397260273973,0
"92",27,92,-1.73570683672505,-1.22322686582094,-1.58041492393725,-1.09337287304952,0,12.8109589041096,0
"93",27,93,0.21702554475436,-0.0173035758330364,-1.10281125595217,2.064743500679,0,12.3534246575342,0
"95",27,95,-1.28507626098271,-1.8261884937942,-1.10281125595217,-1.61972552029554,1,11.2931506849315,0
"96",27,96,0.367235679966426,-0.620265169764927,-2.0580187079763,-0.567020171331012,1,11.3068493150685,0
"172",27,172,-1.58549664481094,-0.0173035758330364,-0.625207500926615,-1.09337287304952,0,11.1095890410959,0
"182",27,182,-0.534025361658051,1.1886197822376,-1.58041492393725,-1.09337287304952,1,11.0849315068493,0
"183",27,183,-1.13486606906859,1.1886197822376,-1.10281125595217,-1.61972552029554,0,11.5068493150685,0
"184",27,184,-0.0833948390738734,-0.0173035758330364,-0.147603818434792,2.064743500679,0,11.2657534246575,0
"187",27,187,-0.383815229989862,-0.620265169764927,-0.625207500926615,-1.09337287304952,0,11.2657534246575,0
"196",27,196,-0.684235564203801,1.1886197822376,-0.625207500926615,-1.09337287304952,0,11.1178082191781,0
"201",27,201,-0.0833948390738734,1.1886197822376,-0.147603818434792,-0.567020171331012,0,11.2794520547945,0
"202",27,202,0.968076277516742,-0.0173035758330364,-0.147603818434792,-0.567020171331012,1,10.6547945205479,0
"206",27,206,0.817866312410827,0.585658154264344,-0.147603818434792,-1.09337287304952,0,11.0657534246575,0
"211",27,211,-0.23360497428594,0.585658154264344,-1.10281125595217,0.485685232106011,1,11.2602739726027,0
"224",27,224,2.01954773431965,-0.0173035758330364,0.329999980111008,2.59109609345255,1,10.7506849315069,0
"226",27,226,-0.834445685240356,-1.22322686582094,-0.147603818434792,-0.567020171331012,1,10.7123287671233,0
"249",27,249,0.517445815178494,-0.0173035758330364,0.807603648096085,-0.567020171331012,1,10.6054794520548,0
"256",27,256,1.11828658283496,0.585658154264344,1.28520731608116,-1.61972552029554,0,11.241095890411,0
"258",27,258,-0.834445685240356,-0.620265169764927,-0.147603818434792,-0.567020171331012,0,10.4821917808219,0
"260",27,260,-0.684235564203801,-0.620265169764927,0.329999980111008,0.485685232106011,0,10.4630136986301,0
"348",27,348,-0.534025361658051,-1.22322686582094,-1.10281125595217,-0.567020171331012,1,10.6904109589041,0
"350",27,350,0.367235679966426,-2.42915012176746,-0.147603818434792,2.59109609345255,1,10.4301369863014,0
"352",27,352,0.21702554475436,0.585658154264344,-1.58041492393725,0.485685232106011,1,10.7260273972603,0
"356",27,356,-1.13486606906859,-0.620265169764927,0.329999980111008,-0.0406674151400153,1,10.9452054794521,0
"360",27,360,0.066815409542292,-0.0173035758330364,-1.10281125595217,-0.0406674151400153,1,10.6465753424658,0
"361",27,361,0.367235679966426,1.1886197822376,0.329999980111008,1.01203809724198,1,11.0739726027397,0
"362",27,362,-1.58549664481094,-2.42915012176746,-1.10281125595217,-1.09337287304952,1,10.786301369863,0
"363",27,363,-0.684235564203801,-2.42915012176746,0.807603648096085,-0.0406674151400153,1,12.2547945205479,0
"373",27,373,0.517445815178494,1.79158141021087,-0.147603818434792,-0.567020171331012,0,10.2027397260274,0
"389",27,389,0.367235679966426,1.79158141021087,-0.147603818434792,1.01203809724198,1,10.4931506849315,0
"398",27,398,0.667656120496705,-0.620265169764927,-0.147603818434792,0.485685232106011,1,11.0986301369863,0
"399",27,399,-0.984655877154472,1.1886197822376,0.807603648096085,1.01203809724198,0,15.9369863013699,0
"400",27,400,-0.534025361658051,-1.22322686582094,0.329999980111008,0.485685232106011,1,10.1945205479452,0
"411",27,411,0.517445815178494,-2.42915012176746,-0.625207500926615,0.485685232106011,1,10.4520547945205,0
"413",27,413,0.367235679966426,0.585658154264344,0.329999980111008,1.53839069001552,0,10.4219178082192,0
"418",27,418,0.21702554475436,0.585658154264344,1.76281098406624,1.01203809724198,0,11.1232876712329,0
"422",27,422,1.71912735049142,1.79158141021087,2.24041465205131,3.11744868622608,1,12.1479452054795,0
"1",28,1,-0.684235564203801,-0.620265169764927,-1.10281125595217,-1.09337287304952,0,11.7178082191781,0
"6",28,6,-1.73570683672505,-1.22322686582094,-1.10281125595217,-1.61972552029554,0,12.8630136986301,0
"22",28,22,-0.984655877154472,-0.620265169764927,-0.147603818434792,-0.567020171331012,1,14.8438356164384,0
"35",28,35,-0.534025361658051,1.1886197822376,-0.147603818434792,-1.61972552029554,1,10.7150684931507,0
"46",28,46,-0.834445685240356,-0.0173035758330364,1.28520731608116,-1.61972552029554,0,10.5342465753425,0
"62",28,62,1.418706739855,-1.8261884937942,-1.10281125595217,-0.0406674151400153,0,9.77808219178082,0
"71",28,71,0.667656120496705,-0.0173035758330364,0.807603648096085,-1.09337287304952,1,10.5643835616438,0
"90",28,90,0.367235679966426,1.1886197822376,0.329999980111008,-0.0406674151400153,0,11.9890410958904,0
"119",28,119,-1.73570683672505,-0.0173035758330364,0.329999980111008,0.485685232106011,0,12.3342465753425,0
"126",28,126,-1.58549664481094,-0.620265169764927,-1.10281125595217,-0.567020171331012,1,13.0849315068493,0
"207",28,207,0.21702554475436,-0.0173035758330364,-1.10281125595217,0.485685232106011,0,11.5397260273973,0
"274",28,274,-1.28507626098271,-0.0173035758330364,0.807603648096085,-1.09337287304952,0,11.2082191780822,0
"275",28,275,-0.23360497428594,0.585658154264344,0.807603648096085,-0.0406674151400153,0,11.1150684931507,0
"280",28,280,0.066815409542292,-1.8261884937942,0.329999980111008,-1.09337287304952,0,12.1616438356164,0
"306",28,306,-0.23360497428594,1.1886197822376,-0.147603818434792,1.01203809724198,0,11.2657534246575,0
"327",28,327,-0.684235564203801,-0.0173035758330364,0.329999980111008,-0.567020171331012,0,11.3917808219178,0
"328",28,328,0.367235679966426,-1.22322686582094,0.329999980111008,-0.0406674151400153,0,10.2986301369863,0
"329",28,329,-0.834445685240356,-1.22322686582094,-1.58041492393725,-1.09337287304952,0,10.9397260273973,0
"330",28,330,0.066815409542292,0.585658154264344,0.807603648096085,-0.0406674151400153,1,10.8602739726027,0
"331",28,331,0.517445815178494,-0.0173035758330364,-1.58041492393725,-0.0406674151400153,1,11.213698630137,0
"332",28,332,-1.13486606906859,-1.8261884937942,-1.10281125595217,0.485685232106011,1,10.4493150684932,0
"333",28,333,-1.58549664481094,-0.0173035758330364,-1.58041492393725,-1.09337287304952,0,11.4712328767123,0
"343",28,343,-0.984655877154472,-0.620265169764927,-0.625207500926615,-1.09337287304952,1,11.3424657534247,0
"365",28,365,1.418706739855,0.585658154264344,0.807603648096085,-1.09337287304952,1,10.0301369863014,0
"366",28,366,0.817866312410827,0.585658154264344,-0.147603818434792,-0.567020171331012,0,9.65205479452055,0
"376",28,376,0.667656120496705,1.1886197822376,0.807603648096085,1.01203809724198,0,11.8767123287671,0
"397",28,397,-0.23360497428594,0.585658154264344,0.329999980111008,-0.0406674151400153,0,11.572602739726,0
"19",29,19,-1.58549664481094,-0.620265169764927,-1.10281125595217,-0.0406674151400153,1,11.213698630137,0
"98",29,98,-0.0833948390738734,0.585658154264344,-0.147603818434792,-1.09337287304952,0,11.358904109589,0
"102",29,102,-1.73570683672505,-1.22322686582094,-1.10281125595217,-0.0406674151400153,0,10.6465753424658,0
"120",29,120,0.367235679966426,-0.620265169764927,-1.10281125595217,1.01203809724198,0,11.3369863013699,0
"121",29,121,0.517445815178494,0.585658154264344,1.28520731608116,1.53839069001552,1,10.8,0
"122",29,122,1.11828658283496,1.1886197822376,0.807603648096085,1.01203809724198,0,11.2767123287671,0
"123",29,123,-0.984655877154472,-0.0173035758330364,0.807603648096085,-0.0406674151400153,1,10.4164383561644,0
"124",29,124,-1.13486606906859,-1.22322686582094,-1.10281125595217,-0.0406674151400153,0,10.8958904109589,0
"261",29,261,-0.534025361658051,-0.0173035758330364,-2.0580187079763,-0.567020171331012,0,11.2958904109589,0
"276",29,276,0.066815409542292,0.585658154264344,0.807603648096085,-0.567020171331012,1,11.0712328767123,0
"326",29,326,-1.13486606906859,1.1886197822376,1.28520731608116,2.59109609345255,0,11.2931506849315,0
"421",29,421,-1.58549664481094,-0.620265169764927,-0.625207500926615,1.01203809724198,0,13.027397260274,0
"745",30,745,-0.0833948390738734,0.585658154264344,1.76281098406624,-0.0406674151400153,1,10.386301369863,1
"746",30,746,1.71912735049142,1.79158141021087,1.76281098406624,2.59109609345255,0,11.1287671232877,1
"747",30,747,0.367235679966426,0.585658154264344,1.28520731608116,-0.0406674151400153,1,10.4328767123288,1
"748",30,748,0.367235679966426,0.585658154264344,-1.10281125595217,-0.0406674151400153,0,10.9479452054795,1
"749",30,749,-0.0833948390738734,-0.0173035758330364,0.329999980111008,-0.0406674151400153,0,10.9287671232877,1
"750",30,750,0.517445815178494,-0.0173035758330364,0.329999980111008,1.53839069001552,1,10.7780821917808,1
"751",30,751,-0.834445685240356,-0.620265169764927,-0.147603818434792,-0.567020171331012,0,10.5917808219178,1
"755",30,755,-0.0833948390738734,0.585658154264344,-1.10281125595217,0.485685232106011,1,10.8082191780822,1
"789",30,789,1.56891704517321,1.79158141021087,1.76281098406624,1.53839069001552,0,10.5260273972603,1
"790",30,790,-0.0833948390738734,1.1886197822376,-0.147603818434792,0.485685232106011,1,10.9561643835616,1
"791",30,791,0.667656120496705,1.1886197822376,0.329999980111008,2.064743500679,1,10.7260273972603,1
"792",30,792,1.26849688815317,-0.0173035758330364,-0.625207500926615,1.01203809724198,1,11.3780821917808,1
"793",30,793,0.517445815178494,1.1886197822376,-0.147603818434792,0.485685232106011,1,11.5643835616438,1
"794",30,794,-0.23360497428594,1.1886197822376,1.28520731608116,1.01203809724198,1,11.4520547945205,1
"865",30,865,1.11828658283496,1.1886197822376,0.329999980111008,2.064743500679,1,10.627397260274,1
