"","escola","aluno","logico","mulher","idade"
"89",1,89,-0.611055454503177,1,10.3041095890411
"151",1,151,-1.08996230446089,0,10.6438356164384
"152",1,152,-0.132148668571712,1,11.0602739726027
"235",1,235,0.506393801804827,0,11.2630136986301
"281",1,281,1.62384293759283,1,11.0465753424658
"290",1,290,0.187122568499683,1,10.6246575342466
"308",1,308,-0.451419837850604,1,10.4328767123288
"344",1,344,1.30457182480769,0,10.6109589041096
"345",1,345,0.666029358197397,0,10.6109589041096
"371",1,371,-0.451419837850604,1,11.1479452054795
"377",1,377,-1.08996230446089,1,12.6547945205479
"417",1,417,0.187122568499683,0,10.8465753424658
"436",2,436,-1.24959792111347,0,10.7205479452055
"508",2,508,2.58165663750826,0,13.1561643835616
"548",2,548,-0.291784296523036,1,12.4958904109589
"566",2,566,-1.40923353776603,0,10.6219178082192
"567",2,567,1.62384293759283,1,11.2630136986301
"568",2,568,1.46420720042025,1,11.2712328767123
"585",2,585,-1.40923353776603,0,11.7095890410959
"586",2,586,-0.930326687808322,1,11.0712328767123
"587",2,587,1.62384293759283,0,10.7342465753425
"588",2,588,2.26238540420311,1,11.1205479452055
"604",2,604,-0.291784296523036,0,11.427397260274
"616",2,616,0.506393801804827,1,10.8849315068493
"617",2,617,0.0274868840546068,1,11.3506849315068
"679",2,679,1.14493620815511,1,10.7534246575342
"680",2,680,-0.930326687808322,0,10.8767123287671
"681",2,681,-1.40923353776603,0,11.3671232876712
"682",2,682,-0.611055454503177,1,11.3178082191781
"683",2,683,1.62384293759283,0,10.9780821917808
"684",2,684,2.10274966703054,1,11.4630136986301
"727",2,727,1.94311392985796,1,9.81643835616438
"728",2,728,1.7834786747654,1,10.4328767123288
"729",2,729,-0.770691071155749,0,10.8054794520548
"730",2,730,0.346758124892252,1,11.2986301369863
"731",2,731,1.62384293759283,0,9.75890410958904
"732",2,732,1.30457182480769,1,10.7780821917808
"785",2,785,2.26238540420311,1,11.0438356164384
"786",2,786,2.26238540420311,1,10.786301369863
"787",2,787,1.62384293759283,1,10.6657534246575
"831",2,831,-0.930326687808322,0,10.7397260273973
"842",2,842,0.346758124892252,0,11.2465753424658
"844",2,844,1.94311392985796,0,13.2684931506849
"845",2,845,0.985300470982537,0,14.2109589041096
"870",2,870,-0.291784296523036,1,13.0602739726027
"430",3,430,-0.611055454503177,1,11.5506849315068
"453",3,453,-1.40923353776603,0,11.4356164383562
"474",3,474,0.666029358197397,0,12.2328767123288
"480",3,480,0.346758124892252,0,10.772602739726
"485",3,485,0.187122568499683,1,10.8438356164384
"486",3,486,-0.611055454503177,1,11.0465753424658
"513",3,513,-0.291784296523036,0,11.386301369863
"591",3,591,-0.770691071155749,1,11.0027397260274
"659",3,659,-1.40923353776603,0,10.5178082191781
"702",3,702,0.187122568499683,0,11.0904109589041
"737",3,737,-0.451419837850604,1,10.7890410958904
"757",3,757,-1.08996230446089,0,11.1260273972603
"767",3,767,0.187122568499683,1,11.2684931506849
"778",3,778,0.346758124892252,0,12.572602739726
"779",3,779,0.187122568499683,0,10.3616438356164
"780",3,780,0.825664914589967,1,11.2109589041096
"781",3,781,0.346758124892252,1,10.6767123287671
"782",3,782,-0.132148668571712,1,10.8246575342466
"818",3,818,0.506393801804827,0,10.6082191780822
"830",3,830,0.346758124892252,1,10.7369863013699
"834",3,834,0.0274868840546068,0,10.5753424657534
"432",4,432,-0.611055454503177,0,10.8465753424658
"433",4,433,0.346758124892252,1,11.2219178082192
"434",4,434,-1.40923353776603,0,14.7452054794521
"437",4,437,-1.40923353776603,0,11.3178082191781
"438",4,438,-0.930326687808322,1,12.427397260274
"441",4,441,0.0274868840546068,0,12.2301369863014
"442",4,442,-0.451419837850604,0,11.9479452054795
"446",4,446,1.14493620815511,1,10.627397260274
"456",4,456,-0.930326687808322,1,12.0739726027397
"458",4,458,0.187122568499683,1,11.4876712328767
"459",4,459,0.666029358197397,1,10.2767123287671
"460",4,460,-1.40923353776603,0,12.2164383561644
"461",4,461,0.346758124892252,1,10.8547945205479
"462",4,462,-1.40923353776603,0,11.2328767123288
"463",4,463,-1.40923353776603,0,11.7123287671233
"464",4,464,0.985300470982537,0,10.4493150684932
"465",4,465,0.825664914589967,0,10.4493150684932
"473",4,473,-0.611055454503177,1,10.5452054794521
"478",4,478,-1.40923353776603,0,13.9753424657534
"483",4,483,0.506393801804827,1,11.1917808219178
"495",4,495,-1.40923353776603,1,11.6958904109589
"500",4,500,0.506393801804827,1,9.93424657534247
"501",4,501,0.346758124892252,0,10.2986301369863
"509",4,509,-0.930326687808322,0,11.7315068493151
"514",4,514,-1.08996230446089,0,12.7698630136986
"516",4,516,-1.08996230446089,1,13.358904109589
"525",4,525,0.346758124892252,1,10.4602739726027
"529",4,529,-1.08996230446089,0,11.4849315068493
"530",4,530,0.346758124892252,0,11.5753424657534
"532",4,532,1.7834786747654,1,11.0931506849315
"536",4,536,-0.132148668571712,0,11.0191780821918
"550",4,550,1.14493620815511,1,10.7890410958904
"551",4,551,0.0274868840546068,0,10.9232876712329
"552",4,552,1.7834786747654,0,11.2219178082192
"553",4,553,-0.451419837850604,1,10.9068493150685
"554",4,554,-1.40923353776603,1,10.7260273972603
"555",4,555,-1.24959792111347,1,11.0684931506849
"556",4,556,1.46420720042025,1,12.2109589041096
"557",4,557,0.346758124892252,1,12.1232876712329
"559",4,559,0.346758124892252,1,11.0657534246575
"560",4,560,0.825664914589967,1,11.2054794520548
"561",4,561,-1.40923353776603,0,11.1369863013699
"583",4,583,-0.291784296523036,0,10.7643835616438
"596",4,596,-0.291784296523036,0,11.3808219178082
"619",4,619,-1.08996230446089,1,10.5506849315068
"620",4,620,0.187122568499683,1,11.0191780821918
"635",4,635,-1.40923353776603,0,10.4438356164384
"641",4,641,-0.611055454503177,1,9.6986301369863
"642",4,642,-0.132148668571712,0,10.5041095890411
"643",4,643,0.187122568499683,1,10.2219178082192
"647",4,647,-1.40923353776603,0,11.3890410958904
"648",4,648,-0.770691071155749,1,11.7369863013699
"649",4,649,-0.291784296523036,0,11.1780821917808
"664",4,664,0.506393801804827,1,10.9780821917808
"665",4,665,-1.40923353776603,0,11.3095890410959
"685",4,685,0.346758124892252,1,10.8904109589041
"686",4,686,-0.930326687808322,0,11.1972602739726
"687",4,687,-0.611055454503177,0,10.5424657534247
"688",4,688,-1.40923353776603,1,10.6246575342466
"690",4,690,1.62384293759283,0,10.8054794520548
"691",4,691,-1.40923353776603,0,11.1178082191781
"696",4,696,0.0274868840546068,1,10.241095890411
"739",4,739,-1.40923353776603,0,10.9315068493151
"741",4,741,-0.291784296523036,0,10.3178082191781
"753",4,753,1.94311392985796,0,11.4904109589041
"763",4,763,-1.08996230446089,1,10.7397260273973
"764",4,764,-1.40923353776603,0,11.3835616438356
"765",4,765,0.346758124892252,0,10.6931506849315
"829",4,829,0.985300470982537,1,10.5013698630137
"837",4,837,0.0274868840546068,0,10.4849315068493
"871",4,871,0.346758124892252,0,11.4739726027397
"872",4,872,0.0274868840546068,0,11.1808219178082
"36",5,36,-1.08996230446089,1,11.0547945205479
"99",5,99,0.346758124892252,1,11.6027397260274
"144",5,144,-0.132148668571712,1,11.0602739726027
"145",5,145,1.46420720042025,1,10.6575342465753
"146",5,146,-1.40923353776603,0,11.2082191780822
"147",5,147,-0.291784296523036,1,11.3369863013699
"148",5,148,0.0274868840546068,1,11.0164383561644
"149",5,149,0.187122568499683,1,11.2931506849315
"150",5,150,0.0274868840546068,1,10.9342465753425
"171",5,171,-0.291784296523036,0,10.3643835616438
"225",5,225,-0.132148668571712,1,10.4465753424658
"277",5,277,-1.40923353776603,0,11.4383561643836
"302",5,302,1.30457182480769,0,10.7232876712329
"420",5,420,0.666029358197397,0,10.4794520547945
"47",6,47,0.825664914589967,1,14.7698630136986
"87",6,87,-0.132148668571712,0,13.4082191780822
"115",6,115,-0.132148668571712,0,12.8109589041096
"117",6,117,-0.132148668571712,1,12.3506849315068
"212",6,212,0.985300470982537,0,11.2657534246575
"242",6,242,0.506393801804827,0,10.5561643835616
"243",6,243,0.985300470982537,1,10.4931506849315
"244",6,244,0.985300470982537,1,10.6986301369863
"245",6,245,1.62384293759283,1,11.413698630137
"246",6,246,-0.611055454503177,0,11.0356164383562
"247",6,247,0.0274868840546068,0,10.6547945205479
"248",6,248,-0.291784296523036,1,11.1917808219178
"252",6,252,-0.132148668571712,0,11.2712328767123
"253",6,253,-0.770691071155749,1,10.5178082191781
"254",6,254,0.0274868840546068,1,11.3890410958904
"255",6,255,0.0274868840546068,0,10.8191780821918
"257",6,257,0.346758124892252,0,11.2602739726027
"259",6,259,0.0274868840546068,1,10.9917808219178
"266",6,266,-0.291784296523036,1,10.7561643835616
"310",6,310,0.346758124892252,0,13.6383561643836
"311",6,311,-0.451419837850604,1,10.227397260274
"349",6,349,-1.08996230446089,0,11.4849315068493
"351",6,351,0.506393801804827,1,10.9698630136986
"367",6,367,-0.291784296523036,0,10.2684931506849
"368",6,368,0.346758124892252,1,10.8876712328767
"370",6,370,1.30457182480769,0,9.92876712328767
"372",6,372,0.187122568499683,0,10.2630136986301
"379",6,379,1.30457182480769,1,10.0383561643836
"380",6,380,1.14493620815511,1,10.2383561643836
"394",6,394,1.62384293759283,1,10.358904109589
"395",6,395,0.506393801804827,0,10.3917808219178
"80",7,80,-0.451419837850604,0,10.8164383561644
"88",7,88,-0.291784296523036,1,12.958904109589
"101",7,101,-0.291784296523036,1,10.8246575342466
"125",7,125,0.187122568499683,1,10.5452054794521
"185",7,185,0.506393801804827,1,11.4986301369863
"186",7,186,-0.132148668571712,0,12.1808219178082
"263",7,263,0.825664914589967,1,11.2630136986301
"264",7,264,0.0274868840546068,1,10.6657534246575
"265",7,265,1.30457182480769,1,10.6712328767123
"267",7,267,0.825664914589967,0,10.9753424657534
"268",7,268,0.0274868840546068,0,11.2082191780822
"269",7,269,0.666029358197397,1,11.4493150684932
"297",7,297,0.187122568499683,0,10.8109589041096
"303",7,303,0.825664914589967,1,10.2054794520548
"307",7,307,1.30457182480769,0,10.8849315068493
"309",7,309,0.346758124892252,1,12.5287671232877
"336",7,336,0.666029358197397,1,11
"369",7,369,1.14493620815511,1,10.2876712328767
"374",7,374,-0.132148668571712,1,12.7534246575342
"375",7,375,-0.132148668571712,0,10.2301369863014
"381",7,381,-0.930326687808322,0,11.0958904109589
"384",7,384,1.14493620815511,1,10.6849315068493
"390",7,390,0.506393801804827,0,10.7972602739726
"401",7,401,-0.132148668571712,0,10.8794520547945
"8",8,8,0.985300470982537,0,11.1479452054795
"27",8,27,1.62384293759283,0,10.4849315068493
"28",8,28,1.94311392985796,1,11.3890410958904
"58",8,58,1.62384293759283,1,12.4767123287671
"68",8,68,0.346758124892252,0,10.8767123287671
"69",8,69,1.30457182480769,0,10.3479452054795
"94",8,94,1.46420720042025,0,11.3917808219178
"100",8,100,-1.24959792111347,1,11.0767123287671
"130",8,130,1.94311392985796,0,10.9890410958904
"131",8,131,-1.40923353776603,0,11.1534246575342
"132",8,132,-1.24959792111347,0,11.2876712328767
"133",8,133,2.26238540420311,1,10.6575342465753
"134",8,134,-1.40923353776603,1,11.3643835616438
"135",8,135,0.506393801804827,0,10.841095890411
"136",8,136,-1.08996230446089,0,10.5397260273973
"143",8,143,2.4220211413757,0,11.0246575342466
"209",8,209,1.46420720042025,1,10.4438356164384
"210",8,210,1.14493620815511,0,10.4438356164384
"228",8,228,1.7834786747654,1,10.9205479452055
"262",8,262,0.506393801804827,0,11.1068493150685
"335",8,335,1.30457182480769,0,9.8027397260274
"347",8,347,0.825664914589967,0,10.4767123287671
"355",8,355,2.26238540420311,0,10.3972602739726
"393",8,393,-1.40923353776603,0,10.9808219178082
"405",8,405,2.90092787081341,0,10.2465753424658
"407",8,407,1.94311392985796,1,9.56164383561644
"408",8,408,0.666029358197397,0,11.8547945205479
"409",8,409,0.985300470982537,0,12.5452054794521
"414",8,414,0.506393801804827,1,10.5698630136986
"415",8,415,-1.40923353776603,0,13.0849315068493
"450",9,450,1.14493620815511,0,11.7616438356164
"472",9,472,0.985300470982537,0,14.2054794520548
"477",9,477,-1.40923353776603,0,11.7616438356164
"490",9,490,-1.24959792111347,1,11.4684931506849
"504",9,504,-1.40923353776603,0,11.7753424657534
"512",9,512,-0.451419837850604,0,11.5342465753425
"605",9,605,-0.930326687808322,0,12.4054794520548
"606",9,606,-1.40923353776603,0,10.7013698630137
"607",9,607,0.187122568499683,0,11.2219178082192
"608",9,608,1.62384293759283,1,11.1616438356164
"609",9,609,0.985300470982537,0,10.5780821917808
"610",9,610,1.62384293759283,1,11.3397260273973
"611",9,611,0.985300470982537,0,11.0465753424658
"612",9,612,0.666029358197397,1,10.8520547945205
"613",9,613,0.985300470982537,1,10.6520547945205
"614",9,614,1.30457182480769,0,10.6657534246575
"615",9,615,2.90092787081341,1,10.986301369863
"670",9,670,0.825664914589967,1,10.413698630137
"671",9,671,-0.451419837850604,1,12.3205479452055
"672",9,672,1.62384293759283,1,11.0602739726027
"673",9,673,0.666029358197397,1,11.0602739726027
"674",9,674,0.825664914589967,1,11.1013698630137
"675",9,675,-1.24959792111347,0,10.5698630136986
"676",9,676,0.825664914589967,0,10.972602739726
"738",9,738,0.506393801804827,0,11.5315068493151
"752",9,752,-1.24959792111347,0,12.4301369863014
"796",9,796,0.187122568499683,1,10.9835616438356
"861",9,861,-0.611055454503177,0,11.0767123287671
"873",9,873,0.187122568499683,0,10.9506849315068
"880",9,880,-0.611055454503177,1,11.5260273972603
"899",9,899,2.10274966703054,1,11.3150684931507
"10",10,10,0.0274868840546068,1,11.1890410958904
"40",10,40,-0.132148668571712,1,11.1835616438356
"41",10,41,-0.132148668571712,1,11.2082191780822
"49",10,49,0.0274868840546068,0,10.7232876712329
"50",10,50,0.346758124892252,0,11.0986301369863
"52",10,52,1.7834786747654,1,10.1150684931507
"60",10,60,-0.132148668571712,0,12.2575342465753
"61",10,61,0.506393801804827,0,10.4794520547945
"91",10,91,-0.770691071155749,0,11.227397260274
"103",10,103,-1.08996230446089,1,11.7232876712329
"104",10,104,0.346758124892252,1,10.4794520547945
"142",10,142,0.666029358197397,1,10.6794520547945
"191",10,191,1.14493620815511,0,10.5205479452055
"192",10,192,0.0274868840546068,0,10.4575342465753
"193",10,193,1.30457182480769,1,10.958904109589
"194",10,194,-1.08996230446089,1,10.6712328767123
"195",10,195,-1.08996230446089,1,11.5452054794521
"197",10,197,0.506393801804827,1,10.7150684931507
"198",10,198,0.0274868840546068,0,10.6520547945205
"199",10,199,0.187122568499683,1,10.7041095890411
"200",10,200,0.0274868840546068,1,11.3095890410959
"203",10,203,-1.24959792111347,0,11.3479452054795
"204",10,204,-1.24959792111347,0,11.827397260274
"205",10,205,0.825664914589967,1,11.6794520547945
"213",10,213,1.46420720042025,0,11.1287671232877
"218",10,218,0.187122568499683,1,11.0630136986301
"219",10,219,-0.451419837850604,0,11.2191780821918
"220",10,220,0.346758124892252,0,11.0465753424658
"221",10,221,0.985300470982537,0,12.2931506849315
"234",10,234,2.4220211413757,1,10.627397260274
"240",10,240,0.0274868840546068,1,10.7260273972603
"279",10,279,-0.770691071155749,1,11.227397260274
"282",10,282,0.666029358197397,0,10.7123287671233
"283",10,283,-1.08996230446089,0,10.9369863013699
"284",10,284,-0.451419837850604,0,11.2657534246575
"285",10,285,0.187122568499683,0,10.8876712328767
"286",10,286,0.0274868840546068,0,11.0164383561644
"287",10,287,-0.770691071155749,1,10.3945205479452
"288",10,288,-0.770691071155749,0,10.9123287671233
"289",10,289,-1.08996230446089,0,11.3424657534247
"313",10,313,0.506393801804827,1,10.8876712328767
"314",10,314,1.30457182480769,1,10.8246575342466
"315",10,315,0.825664914589967,0,10.8520547945205
"316",10,316,0.506393801804827,1,10.6739726027397
"317",10,317,0.346758124892252,0,10.9369863013699
"318",10,318,0.346758124892252,1,11.0301369863014
"319",10,319,1.14493620815511,0,10.8356164383562
"320",10,320,-0.611055454503177,0,11.8164383561644
"322",10,322,0.187122568499683,1,11.2219178082192
"323",10,323,0.506393801804827,0,10.8383561643836
"324",10,324,0.0274868840546068,1,10.9041095890411
"353",10,353,0.506393801804827,1,10.4657534246575
"386",10,386,1.62384293759283,0,9.78904109589041
"387",10,387,1.30457182480769,1,9.75616438356164
"388",10,388,-0.291784296523036,0,9.92602739726027
"396",10,396,0.0274868840546068,1,10.7698630136986
"402",10,402,-0.930326687808322,0,10.5972602739726
"12",11,12,0.825664914589967,1,11.1424657534247
"45",11,45,1.30457182480769,1,11.0465753424658
"51",11,51,-1.40923353776603,0,10.7698630136986
"53",11,53,0.506393801804827,1,12.2493150684931
"78",11,78,1.14493620815511,0,10.4164383561644
"79",11,79,0.346758124892252,0,11.3095890410959
"82",11,82,-0.770691071155749,0,12.3506849315068
"106",11,106,0.506393801804827,1,11.2739726027397
"109",11,109,-1.40923353776603,0,12.1643835616438
"110",11,110,-0.451419837850604,1,10.4986301369863
"112",11,112,0.985300470982537,1,11.0931506849315
"113",11,113,2.58165663750826,1,10.9260273972603
"114",11,114,-0.291784296523036,1,10.8054794520548
"129",11,129,0.985300470982537,1,10.7890410958904
"137",11,137,-1.24959792111347,0,11.7972602739726
"138",11,138,0.825664914589967,0,10.3342465753425
"158",11,158,0.666029358197397,0,11.1095890410959
"208",11,208,-0.930326687808322,1,10.4520547945205
"222",11,222,0.506393801804827,0,10.3178082191781
"223",11,223,-0.930326687808322,0,10.3013698630137
"231",11,231,0.506393801804827,1,11.1123287671233
"312",11,312,1.94311392985796,0,10.6109589041096
"354",11,354,0.0274868840546068,0,10.2465753424658
"392",11,392,0.346758124892252,1,10.1178082191781
"403",11,403,2.4220211413757,0,10.4931506849315
"404",11,404,0.0274868840546068,0,11.5835616438356
"410",11,410,-0.451419837850604,1,10.6164383561644
"2",12,2,-1.40923353776603,0,13.372602739726
"66",12,66,-0.930326687808322,1,11.1260273972603
"75",12,75,-1.40923353776603,0,10.572602739726
"77",12,77,-0.291784296523036,1,10.5095890410959
"81",12,81,-1.40923353776603,0,11.8383561643836
"83",12,83,-1.40923353776603,1,11.6246575342466
"84",12,84,-1.40923353776603,1,11.8219178082192
"97",12,97,-0.611055454503177,1,11.2821917808219
"108",12,108,1.14493620815511,1,11.1671232876712
"111",12,111,0.346758124892252,1,10.6301369863014
"118",12,118,-0.770691071155749,1,10.5260273972603
"127",12,127,-1.24959792111347,1,10.6958904109589
"128",12,128,-0.770691071155749,0,10.9205479452055
"139",12,139,-0.132148668571712,0,10.6712328767123
"140",12,140,-0.770691071155749,0,10.9835616438356
"153",12,153,-0.451419837850604,0,10.5753424657534
"154",12,154,-0.132148668571712,1,11.1205479452055
"155",12,155,-1.08996230446089,1,11.1753424657534
"156",12,156,1.14493620815511,1,11.0684931506849
"157",12,157,-1.08996230446089,0,10.9835616438356
"159",12,159,-0.770691071155749,0,11.1342465753425
"160",12,160,-1.40923353776603,0,11.0438356164384
"161",12,161,0.666029358197397,1,10.6904109589041
"162",12,162,0.825664914589967,1,10.986301369863
"163",12,163,0.187122568499683,1,11.7753424657534
"232",12,232,-1.40923353776603,0,10.4876712328767
"236",12,236,1.46420720042025,1,9.71232876712329
"237",12,237,0.187122568499683,0,11.2
"238",12,238,0.187122568499683,0,11.0191780821918
"239",12,239,-0.611055454503177,0,11.227397260274
"241",12,241,0.0274868840546068,1,11.0109589041096
"278",12,278,0.0274868840546068,0,10.8767123287671
"291",12,291,-0.451419837850604,0,12.4493150684932
"334",12,334,-0.291784296523036,1,10.8547945205479
"337",12,337,0.346758124892252,0,11.1232876712329
"338",12,338,-0.770691071155749,1,11.4027397260274
"339",12,339,-1.40923353776603,1,10.5452054794521
"340",12,340,1.62384293759283,1,11.2602739726027
"357",12,357,-0.930326687808322,1,10.0931506849315
"358",12,358,0.666029358197397,0,10.6054794520548
"382",12,382,1.30457182480769,1,11.0328767123288
"383",12,383,-1.40923353776603,1,10.3260273972603
"385",12,385,-0.611055454503177,0,11.1342465753425
"412",12,412,0.985300470982537,1,10.386301369863
"419",12,419,-0.611055454503177,0,10.6219178082192
"447",13,447,-0.770691071155749,0,10.4465753424658
"515",13,515,-0.930326687808322,0,12.5780821917808
"521",13,521,0.506393801804827,1,12.8849315068493
"526",13,526,0.985300470982537,0,11.4520547945205
"538",13,538,0.187122568499683,0,11.4657534246575
"558",13,558,1.14493620815511,1,11.9506849315068
"600",13,600,-0.770691071155749,0,13.8849315068493
"601",13,601,-0.611055454503177,1,11.9095890410959
"602",13,602,0.346758124892252,1,11.7150684931507
"603",13,603,0.825664914589967,1,10.413698630137
"653",13,653,0.0274868840546068,1,10.8356164383562
"654",13,654,0.825664914589967,1,10.9616438356164
"655",13,655,0.825664914589967,1,11.8657534246575
"656",13,656,0.346758124892252,1,10.7643835616438
"660",13,660,0.506393801804827,0,10.5150684931507
"663",13,663,0.187122568499683,0,11.5342465753425
"689",13,689,-1.08996230446089,1,12.2767123287671
"692",13,692,-0.770691071155749,0,10.6191780821918
"693",13,693,0.346758124892252,0,11.1616438356164
"694",13,694,0.506393801804827,1,11.2547945205479
"695",13,695,0.506393801804827,1,10.813698630137
"708",13,708,-0.132148668571712,0,10.8
"788",13,788,-1.40923353776603,0,11.1780821917808
"795",13,795,0.825664914589967,1,11.1534246575342
"828",13,828,-0.291784296523036,1,9.98904109589041
"835",13,835,0.666029358197397,1,9.84109589041096
"836",13,836,0.187122568499683,0,10.5205479452055
"840",13,840,-0.132148668571712,0,10.8219178082192
"851",13,851,1.14493620815511,1,12.3561643835616
"852",13,852,0.985300470982537,0,10.0082191780822
"853",13,853,-0.451419837850604,1,11.5095890410959
"854",13,854,1.30457182480769,0,10.6547945205479
"855",13,855,-0.930326687808322,0,10.6301369863014
"856",13,856,-0.930326687808322,0,9.67671232876712
"857",13,857,0.506393801804827,0,10.4
"859",13,859,0.825664914589967,0,11.8958904109589
"860",13,860,1.46420720042025,0,9.81369863013699
"862",13,862,0.506393801804827,1,10.4712328767123
"863",13,863,-1.40923353776603,0,10.1424657534247
"876",13,876,0.666029358197397,1,10.2602739726027
"877",13,877,-0.611055454503177,1,11.2301369863014
"905",13,905,-0.451419837850604,0,10.8328767123288
"3",14,3,-0.770691071155749,1,12.1369863013699
"4",14,4,-1.40923353776603,0,11.6109589041096
"5",14,5,0.187122568499683,1,11.1972602739726
"13",14,13,-0.930326687808322,0,11.3698630136986
"16",14,16,-0.132148668571712,1,11.227397260274
"17",14,17,-0.291784296523036,0,11.1643835616438
"20",14,20,-0.451419837850604,1,10.8547945205479
"21",14,21,-0.451419837850604,0,11.2109589041096
"24",14,24,1.62384293759283,1,10.6630136986301
"25",14,25,1.30457182480769,1,10.8356164383562
"26",14,26,0.346758124892252,1,12.0821917808219
"37",14,37,-0.291784296523036,1,10.1616438356164
"38",14,38,0.0274868840546068,1,10.972602739726
"39",14,39,-0.291784296523036,0,11.7561643835616
"48",14,48,1.46420720042025,1,13.1945205479452
"298",14,298,0.825664914589967,1,11.1780821917808
"342",14,342,-0.451419837850604,0,10.772602739726
"481",15,481,-1.40923353776603,0,12.8493150684932
"492",15,492,-0.291784296523036,0,11.1479452054795
"549",15,549,-0.930326687808322,0,11.9643835616438
"734",15,734,1.62384293759283,1,10.7890410958904
"735",15,735,-0.132148668571712,0,11.1452054794521
"736",15,736,0.346758124892252,0,10.8328767123288
"771",15,771,-0.770691071155749,0,11.2027397260274
"772",15,772,-0.132148668571712,0,10.8465753424658
"773",15,773,0.187122568499683,1,10.9287671232877
"774",15,774,0.666029358197397,0,10.8493150684932
"775",15,775,0.666029358197397,1,11.1287671232877
"776",15,776,-0.930326687808322,0,11.2356164383562
"777",15,777,1.94311392985796,1,11.2876712328767
"821",15,821,-1.40923353776603,0,15.358904109589
"843",15,843,0.825664914589967,0,10.9698630136986
"858",15,858,0.346758124892252,0,11.2712328767123
"875",15,875,0.666029358197397,0,10.813698630137
"881",15,881,1.7834786747654,0,11.3178082191781
"897",15,897,0.187122568499683,1,10.2246575342466
"425",16,425,-0.611055454503177,1,11.0493150684932
"428",16,428,0.825664914589967,0,12.4383561643836
"431",16,431,1.14493620815511,0,11.4301369863014
"439",16,439,-0.770691071155749,1,15.5205479452055
"471",16,471,2.4220211413757,0,11.172602739726
"507",16,507,1.14493620815511,0,12.041095890411
"577",16,577,2.58165663750826,1,10.2657534246575
"621",16,621,2.10274966703054,0,12.2739726027397
"622",16,622,2.26238540420311,0,10.2465753424658
"623",16,623,1.7834786747654,1,10.8602739726027
"624",16,624,1.7834786747654,1,10.2520547945205
"625",16,625,2.58165663750826,1,10.4767123287671
"626",16,626,1.94311392985796,1,11.0164383561644
"627",16,627,0.346758124892252,0,10.4739726027397
"628",16,628,0.346758124892252,0,11.1479452054795
"629",16,629,0.825664914589967,1,11.0657534246575
"636",16,636,0.666029358197397,0,11.8493150684932
"637",16,637,0.666029358197397,0,11.1698630136986
"666",16,666,0.985300470982537,0,10.6027397260274
"667",16,667,3.06056336694597,1,11.3369863013699
"724",16,724,0.666029358197397,1,11.7205479452055
"733",16,733,1.7834786747654,0,10.4383561643836
"744",16,744,-1.40923353776603,0,10.786301369863
"759",16,759,0.666029358197397,0,11.3013698630137
"760",16,760,0.825664914589967,1,10.5095890410959
"769",16,769,0.825664914589967,0,10.4821917808219
"770",16,770,1.46420720042025,1,10.3178082191781
"826",16,826,1.7834786747654,1,10.6876712328767
"827",16,827,-0.770691071155749,0,11.0794520547945
"848",16,848,-0.132148668571712,0,11.0054794520548
"898",16,898,1.30457182480769,1,11.1260273972603
"900",16,900,2.26238540420311,0,11.2
"901",16,901,2.26238540420311,0,10.7452054794521
"902",16,902,2.4220211413757,1,10.4
"468",17,468,-0.770691071155749,0,11.4
"506",17,506,0.0274868840546068,1,10.5616438356164
"639",17,639,-0.770691071155749,1,10.7780821917808
"644",17,644,0.506393801804827,1,10.586301369863
"645",17,645,1.62384293759283,0,11.1534246575342
"650",17,650,-0.611055454503177,0,11.5479452054795
"766",17,766,-1.08996230446089,0,12.1205479452055
"823",17,823,1.14493620815511,0,10.2794520547945
"824",17,824,-0.451419837850604,1,10.6575342465753
"839",17,839,0.187122568499683,0,10.6520547945205
"841",17,841,0.187122568499683,1,10.4219178082192
"469",18,469,-1.08996230446089,0,11.6602739726027
"482",18,482,-1.40923353776603,0,12.6465753424658
"510",18,510,-1.24959792111347,0,11.4383561643836
"511",18,511,-1.40923353776603,1,15.3205479452055
"517",18,517,-1.40923353776603,0,11.7616438356164
"518",18,518,1.46420720042025,1,11.3369863013699
"519",18,519,0.0274868840546068,1,11.3479452054795
"520",18,520,-0.611055454503177,0,14.241095890411
"522",18,522,-0.611055454503177,0,11.3260273972603
"527",18,527,0.506393801804827,1,11.1917808219178
"531",18,531,-0.611055454503177,0,11.2465753424658
"539",18,539,-1.08996230446089,0,10.8356164383562
"540",18,540,-0.291784296523036,0,10.9068493150685
"541",18,541,-1.40923353776603,0,11.1397260273973
"542",18,542,0.346758124892252,0,12.2109589041096
"543",18,543,-0.611055454503177,1,10.6493150684932
"544",18,544,0.666029358197397,1,11.1506849315068
"545",18,545,-0.770691071155749,1,10.9095890410959
"546",18,546,-0.770691071155749,1,10.8931506849315
"562",18,562,-0.930326687808322,0,10.9616438356164
"565",18,565,-0.291784296523036,1,10.9534246575342
"569",18,569,0.506393801804827,1,10.5972602739726
"589",18,589,-1.08996230446089,0,11.3917808219178
"594",18,594,0.825664914589967,1,10.8684931506849
"595",18,595,-0.611055454503177,0,11.4986301369863
"597",18,597,-1.40923353776603,0,13.158904109589
"598",18,598,-0.770691071155749,0,12.8986301369863
"599",18,599,-1.08996230446089,0,12.8109589041096
"657",18,657,-1.40923353776603,1,10.7397260273973
"658",18,658,-0.291784296523036,0,10.4712328767123
"662",18,662,-0.132148668571712,0,11.1945205479452
"677",18,677,0.825664914589967,0,11.4246575342466
"725",18,725,0.346758124892252,0,11.0821917808219
"756",18,756,1.30457182480769,0,11.0520547945205
"879",18,879,-0.770691071155749,0,12.2684931506849
"427",19,427,-0.132148668571712,1,11.4383561643836
"448",19,448,-1.08996230446089,0,10.6821917808219
"451",19,451,-1.40923353776603,0,12.3232876712329
"475",19,475,-0.611055454503177,1,11.572602739726
"487",19,487,-1.40923353776603,0,12.9041095890411
"493",19,493,-0.930326687808322,0,10.5041095890411
"494",19,494,-1.08996230446089,0,10.5205479452055
"503",19,503,-1.24959792111347,0,12.4739726027397
"523",19,523,0.346758124892252,1,10.9506849315068
"590",19,590,-0.611055454503177,1,10.7123287671233
"593",19,593,0.825664914589967,1,11.1342465753425
"630",19,630,2.10274966703054,1,11.0109589041096
"631",19,631,0.346758124892252,0,10.786301369863
"632",19,632,0.0274868840546068,0,10.8164383561644
"633",19,633,1.30457182480769,1,11.2191780821918
"634",19,634,1.94311392985796,0,10.2082191780822
"661",19,661,1.30457182480769,0,10.8575342465753
"668",19,668,-0.291784296523036,1,10.4575342465753
"743",19,743,-0.930326687808322,0,10.3506849315068
"783",19,783,-0.930326687808322,0,10.6602739726027
"784",19,784,-0.611055454503177,0,11.2438356164384
"822",19,822,-1.40923353776603,0,12.3616438356164
"825",19,825,1.14493620815511,1,10.0739726027397
"868",19,868,-0.291784296523036,1,9.96986301369863
"869",19,869,-1.24959792111347,1,12.0904109589041
"874",19,874,1.14493620815511,1,10.1890410958904
"903",19,903,1.7834786747654,0,10.4109589041096
"904",19,904,-0.132148668571712,0,10.3260273972603
"440",20,440,-1.40923353776603,0,15.0493150684932
"449",20,449,1.46420720042025,0,10.8465753424658
"571",20,571,1.46420720042025,0,12.013698630137
"575",20,575,-0.291784296523036,1,10.8821917808219
"651",20,651,-1.40923353776603,1,12.3123287671233
"678",20,678,-0.611055454503177,1,10.6027397260274
"726",20,726,-0.611055454503177,1,11.9150684931507
"761",20,761,-1.40923353776603,0,11.1890410958904
"762",20,762,0.0274868840546068,1,10.7397260273973
"832",20,832,-1.24959792111347,1,11.1041095890411
"833",20,833,-0.611055454503177,0,10.4027397260274
"866",20,866,-0.291784296523036,1,10.5835616438356
"893",20,893,2.10274966703054,0,10.3616438356164
"30",21,30,-0.770691071155749,0,11.6712328767123
"42",21,42,-1.40923353776603,0,14.7917808219178
"44",21,44,-0.451419837850604,0,11.627397260274
"55",21,55,-1.40923353776603,0,11.2438356164384
"56",21,56,-1.40923353776603,1,10.4739726027397
"57",21,57,-0.291784296523036,1,10.9150684931507
"59",21,59,0.825664914589967,0,11.1150684931507
"63",21,63,0.346758124892252,0,10.9561643835616
"67",21,67,-1.24959792111347,0,11.4438356164384
"72",21,72,-0.451419837850604,1,10.4657534246575
"73",21,73,-1.24959792111347,1,10.3616438356164
"74",21,74,-1.40923353776603,1,10.6849315068493
"76",21,76,0.187122568499683,1,10.7315068493151
"164",21,164,-0.291784296523036,0,11.0164383561644
"165",21,165,0.346758124892252,1,11.1232876712329
"166",21,166,-1.40923353776603,1,10.9698630136986
"167",21,167,0.187122568499683,1,11.2356164383562
"168",21,168,-1.40923353776603,0,11.3780821917808
"169",21,169,-0.291784296523036,0,11.0849315068493
"170",21,170,0.985300470982537,1,11.4164383561644
"188",21,188,-0.930326687808322,0,10.5452054794521
"189",21,189,-0.770691071155749,1,14.1808219178082
"190",21,190,0.346758124892252,1,10.4958904109589
"270",21,270,0.506393801804827,1,11.4712328767123
"271",21,271,-1.40923353776603,0,10.6520547945205
"272",21,272,0.506393801804827,0,11.0684931506849
"273",21,273,0.0274868840546068,1,11.0465753424658
"293",21,293,-0.291784296523036,1,11.2082191780822
"294",21,294,0.985300470982537,1,11.3561643835616
"295",21,295,0.346758124892252,0,11.8054794520548
"296",21,296,-0.611055454503177,1,11.2301369863014
"304",21,304,-0.770691071155749,1,11.0931506849315
"305",21,305,0.0274868840546068,0,10.2027397260274
"321",21,321,-1.40923353776603,1,10.8904109589041
"346",21,346,-0.930326687808322,0,10.8602739726027
"423",22,423,-1.40923353776603,1,14.9561643835616
"426",22,426,-0.770691071155749,0,10.8767123287671
"445",22,445,0.506393801804827,0,11.2438356164384
"454",22,454,-0.451419837850604,0,10.9506849315068
"455",22,455,-1.24959792111347,0,10.4849315068493
"457",22,457,-1.08996230446089,0,11.5643835616438
"470",22,470,-1.24959792111347,0,11.1095890410959
"484",22,484,-0.291784296523036,1,10.6520547945205
"488",22,488,-0.930326687808322,1,11.2684931506849
"489",22,489,-0.291784296523036,0,12.3424657534247
"491",22,491,0.187122568499683,0,9.9041095890411
"496",22,496,0.187122568499683,0,10.958904109589
"497",22,497,0.346758124892252,0,10.4767123287671
"528",22,528,-0.451419837850604,0,10.6821917808219
"652",22,652,0.346758124892252,0,12.9150684931507
"768",22,768,-1.40923353776603,1,14.4219178082192
"797",22,797,-1.24959792111347,1,11.1150684931507
"798",22,798,-0.291784296523036,0,10.986301369863
"812",22,812,0.666029358197397,0,10.7424657534247
"813",22,813,0.187122568499683,1,10.8657534246575
"820",22,820,-0.451419837850604,1,11.3369863013699
"849",22,849,-0.291784296523036,1,11.6328767123288
"867",22,867,-1.40923353776603,0,10.3205479452055
"882",22,882,-0.291784296523036,0,12.6438356164384
"883",22,883,0.346758124892252,1,11.7397260273973
"884",22,884,-0.930326687808322,0,11.0547945205479
"885",22,885,0.346758124892252,1,10.9397260273973
"886",22,886,-1.40923353776603,0,10.186301369863
"887",22,887,-0.451419837850604,1,10.7671232876712
"888",22,888,-1.08996230446089,0,11.2575342465753
"889",22,889,-1.40923353776603,0,10.0438356164384
"890",22,890,-0.291784296523036,1,10.7835616438356
"891",22,891,-0.770691071155749,0,11.0712328767123
"892",22,892,-0.930326687808322,1,10.9397260273973
"7",23,7,-1.40923353776603,1,11.6054794520548
"9",23,9,0.985300470982537,0,12.0027397260274
"54",23,54,0.666029358197397,1,12.613698630137
"105",23,105,1.94311392985796,0,10.6246575342466
"173",23,173,-1.40923353776603,1,11.5013698630137
"174",23,174,-1.40923353776603,0,12.158904109589
"175",23,175,1.62384293759283,0,11.1972602739726
"176",23,176,1.62384293759283,0,11.2986301369863
"177",23,177,1.62384293759283,1,11.2520547945205
"178",23,178,-1.40923353776603,1,11.2876712328767
"179",23,179,-1.40923353776603,0,11.1671232876712
"180",23,180,2.58165663750826,0,11.2301369863014
"181",23,181,-1.40923353776603,1,10.8904109589041
"229",23,229,0.506393801804827,1,11.3671232876712
"230",23,230,-1.40923353776603,1,10.7095890410959
"233",23,233,-1.40923353776603,1,11.7780821917808
"250",23,250,1.94311392985796,1,10.7068493150685
"251",23,251,0.825664914589967,0,10.5342465753425
"292",23,292,1.94311392985796,1,10.4356164383562
"325",23,325,-1.40923353776603,0,13.5616438356164
"378",23,378,-0.291784296523036,1,10.8356164383562
"499",24,499,0.187122568499683,0,11.7178082191781
"502",24,502,0.666029358197397,1,10.3698630136986
"524",24,524,0.0274868840546068,0,10.4383561643836
"533",24,533,-0.611055454503177,1,10.7315068493151
"534",24,534,0.187122568499683,0,10.9013698630137
"535",24,535,-0.611055454503177,1,11.2109589041096
"537",24,537,-0.451419837850604,0,10.9671232876712
"547",24,547,0.666029358197397,1,12.1397260273973
"572",24,572,-0.611055454503177,1,10.9068493150685
"573",24,573,-0.611055454503177,0,11.2794520547945
"574",24,574,-0.451419837850604,1,11.1479452054795
"646",24,646,-0.930326687808322,1,12.2575342465753
"740",24,740,0.0274868840546068,0,10.6493150684932
"758",24,758,0.346758124892252,1,11.3315068493151
"894",24,894,-0.770691071155749,0,11.1643835616438
"896",24,896,0.666029358197397,1,10.0602739726027
"424",25,424,-0.770691071155749,0,17.0054794520548
"429",25,429,-0.770691071155749,0,12.6986301369863
"435",25,435,-1.40923353776603,1,10.7534246575342
"443",25,443,1.46420720042025,1,11.2109589041096
"444",25,444,-1.24959792111347,0,12.5260273972603
"452",25,452,-1.40923353776603,1,13.6657534246575
"466",25,466,-0.770691071155749,1,10.4438356164384
"467",25,467,-0.930326687808322,0,10.8493150684932
"476",25,476,-1.08996230446089,0,10.9808219178082
"479",25,479,-1.40923353776603,0,13.7561643835616
"498",25,498,-1.40923353776603,0,16.3561643835616
"505",25,505,-0.770691071155749,1,11.8465753424658
"563",25,563,-0.132148668571712,0,10.6027397260274
"564",25,564,-1.24959792111347,1,13.3808219178082
"570",25,570,1.14493620815511,1,10.986301369863
"576",25,576,-0.770691071155749,0,12.1616438356164
"578",25,578,-1.40923353776603,1,11.8931506849315
"579",25,579,-0.291784296523036,0,11.9123287671233
"580",25,580,-1.40923353776603,0,12.1698630136986
"581",25,581,0.506393801804827,0,12.3534246575342
"582",25,582,-1.40923353776603,1,12.7260273972603
"584",25,584,-1.40923353776603,0,12.386301369863
"592",25,592,-0.770691071155749,0,11.1890410958904
"618",25,618,0.346758124892252,1,10.7671232876712
"638",25,638,-0.132148668571712,0,12.6794520547945
"640",25,640,-1.08996230446089,1,15.1561643835616
"669",25,669,-0.132148668571712,0,12.0219178082192
"697",25,697,0.506393801804827,0,11.7397260273973
"698",25,698,-0.611055454503177,0,13.2164383561644
"699",25,699,-1.08996230446089,1,11.4904109589041
"700",25,700,-0.611055454503177,0,11.5561643835616
"701",25,701,-1.40923353776603,1,12.1808219178082
"703",25,703,-0.291784296523036,0,10.9506849315068
"704",25,704,-0.770691071155749,0,11.3041095890411
"705",25,705,-0.451419837850604,0,11.3698630136986
"706",25,706,1.62384293759283,1,10.7041095890411
"707",25,707,-0.930326687808322,0,10.6219178082192
"709",25,709,-1.40923353776603,1,11.1890410958904
"710",25,710,-1.40923353776603,0,11.1178082191781
"711",25,711,0.825664914589967,1,11.3808219178082
"712",25,712,-1.24959792111347,0,10.6328767123288
"713",25,713,0.506393801804827,1,10.8164383561644
"714",25,714,-1.40923353776603,0,11.3917808219178
"715",25,715,0.666029358197397,1,10.9260273972603
"716",25,716,1.30457182480769,1,11.1178082191781
"717",25,717,-0.291784296523036,0,10.8931506849315
"718",25,718,0.346758124892252,0,10.5671232876712
"719",25,719,0.346758124892252,1,11.1150684931507
"720",25,720,-0.451419837850604,1,10.6328767123288
"721",25,721,-0.291784296523036,1,11.1945205479452
"722",25,722,0.666029358197397,0,10.613698630137
"723",25,723,0.825664914589967,0,10.5643835616438
"742",25,742,0.985300470982537,1,10.413698630137
"754",25,754,-0.451419837850604,1,11.5068493150685
"799",25,799,-1.08996230446089,0,11.2301369863014
"800",25,800,-1.24959792111347,1,11.2465753424658
"801",25,801,-1.24959792111347,1,10.586301369863
"802",25,802,0.825664914589967,0,10.3424657534247
"803",25,803,0.666029358197397,0,10.441095890411
"804",25,804,-0.291784296523036,0,11.027397260274
"805",25,805,0.346758124892252,1,10.9150684931507
"806",25,806,0.187122568499683,0,11.2575342465753
"807",25,807,-1.40923353776603,1,11.558904109589
"808",25,808,-0.291784296523036,0,11.3753424657534
"809",25,809,0.0274868840546068,0,10.7698630136986
"810",25,810,-1.40923353776603,0,11.2602739726027
"811",25,811,1.7834786747654,1,10.6493150684932
"814",25,814,1.46420720042025,1,10.372602739726
"815",25,815,-0.770691071155749,1,10.4301369863014
"816",25,816,-0.132148668571712,0,10.4356164383562
"817",25,817,-1.40923353776603,0,10.4493150684932
"819",25,819,-1.08996230446089,1,11.4246575342466
"838",25,838,0.0274868840546068,0,10.972602739726
"846",25,846,-1.08996230446089,1,13.5424657534247
"847",25,847,-1.08996230446089,0,12.3315068493151
"850",25,850,-0.132148668571712,1,10.8657534246575
"864",25,864,-1.40923353776603,0,11.241095890411
"878",25,878,-0.291784296523036,1,11.1917808219178
"895",25,895,0.666029358197397,0,10.9232876712329
"906",25,906,0.0274868840546068,1,11.1506849315068
"11",26,11,0.825664914589967,0,10.9561643835616
"14",26,14,-1.08996230446089,1,13.1479452054795
"15",26,15,-1.40923353776603,0,13.3561643835616
"18",26,18,-0.770691071155749,0,13.6328767123288
"23",26,23,-0.291784296523036,0,11.3698630136986
"29",26,29,0.187122568499683,1,10.5369863013699
"32",26,32,0.0274868840546068,1,10.7205479452055
"33",26,33,-0.291784296523036,0,11.2465753424658
"34",26,34,1.14493620815511,1,11.1561643835616
"43",26,43,0.187122568499683,0,11.1945205479452
"64",26,64,-0.770691071155749,0,13.0054794520548
"65",26,65,-1.08996230446089,0,13.0465753424658
"70",26,70,0.346758124892252,0,13.3835616438356
"85",26,85,-0.132148668571712,1,14.186301369863
"86",26,86,-0.930326687808322,0,12.9972602739726
"107",26,107,-0.611055454503177,1,12.7205479452055
"116",26,116,-0.770691071155749,1,11.2684931506849
"141",26,141,-1.40923353776603,1,11.3178082191781
"214",26,214,-0.930326687808322,0,11.8109589041096
"215",26,215,-0.930326687808322,0,11.1698630136986
"216",26,216,-0.451419837850604,0,11.3260273972603
"217",26,217,0.666029358197397,0,11.1315068493151
"227",26,227,-1.24959792111347,0,13.7479452054795
"299",26,299,-1.08996230446089,0,12.1397260273973
"300",26,300,-0.770691071155749,1,12.5835616438356
"301",26,301,-0.770691071155749,0,11.786301369863
"341",26,341,-1.24959792111347,1,11.8602739726027
"359",26,359,-0.770691071155749,1,10.4246575342466
"364",26,364,0.187122568499683,0,10.1479452054795
"391",26,391,-0.132148668571712,0,10.4301369863014
"406",26,406,0.346758124892252,1,8.78356164383562
"416",26,416,-0.770691071155749,1,11.3616438356164
"31",27,31,-1.40923353776603,0,11.9397260273973
"92",27,92,-1.40923353776603,0,12.8109589041096
"93",27,93,-0.930326687808322,0,12.3534246575342
"95",27,95,-0.930326687808322,1,11.2931506849315
"96",27,96,1.46420720042025,1,11.3068493150685
"172",27,172,-0.611055454503177,0,11.1095890410959
"182",27,182,-0.451419837850604,1,11.0849315068493
"183",27,183,0.187122568499683,0,11.5068493150685
"184",27,184,0.187122568499683,0,11.2657534246575
"187",27,187,-0.132148668571712,0,11.2657534246575
"196",27,196,0.0274868840546068,0,11.1178082191781
"201",27,201,0.0274868840546068,0,11.2794520547945
"202",27,202,0.825664914589967,1,10.6547945205479
"206",27,206,0.506393801804827,0,11.0657534246575
"211",27,211,-0.611055454503177,1,11.2602739726027
"224",27,224,1.30457182480769,1,10.7506849315069
"226",27,226,-0.930326687808322,1,10.7123287671233
"249",27,249,-0.291784296523036,1,10.6054794520548
"256",27,256,-0.770691071155749,0,11.241095890411
"258",27,258,-0.930326687808322,0,10.4821917808219
"260",27,260,-0.930326687808322,0,10.4630136986301
"348",27,348,-0.291784296523036,1,10.6904109589041
"350",27,350,-0.930326687808322,1,10.4301369863014
"352",27,352,0.187122568499683,1,10.7260273972603
"356",27,356,-0.611055454503177,1,10.9452054794521
"360",27,360,0.666029358197397,1,10.6465753424658
"361",27,361,0.187122568499683,1,11.0739726027397
"362",27,362,-1.08996230446089,1,10.786301369863
"363",27,363,-0.770691071155749,1,12.2547945205479
"373",27,373,1.30457182480769,0,10.2027397260274
"389",27,389,1.14493620815511,1,10.4931506849315
"398",27,398,0.346758124892252,1,11.0986301369863
"399",27,399,-0.451419837850604,0,15.9369863013699
"400",27,400,0.666029358197397,1,10.1945205479452
"411",27,411,0.985300470982537,1,10.4520547945205
"413",27,413,1.7834786747654,0,10.4219178082192
"418",27,418,0.346758124892252,0,11.1232876712329
"422",27,422,1.62384293759283,1,12.1479452054795
"1",28,1,-0.291784296523036,0,11.7178082191781
"6",28,6,-1.40923353776603,0,12.8630136986301
"22",28,22,-1.08996230446089,1,14.8438356164384
"35",28,35,-0.291784296523036,1,10.7150684931507
"46",28,46,-0.291784296523036,0,10.5342465753425
"62",28,62,1.30457182480769,0,9.77808219178082
"71",28,71,0.346758124892252,1,10.5643835616438
"90",28,90,-0.611055454503177,0,11.9890410958904
"119",28,119,-0.770691071155749,0,12.3342465753425
"126",28,126,-1.40923353776603,1,13.0849315068493
"207",28,207,-0.611055454503177,0,11.5397260273973
"274",28,274,-0.611055454503177,0,11.2082191780822
"275",28,275,0.985300470982537,0,11.1150684931507
"280",28,280,-0.291784296523036,0,12.1616438356164
"306",28,306,0.506393801804827,0,11.2657534246575
"327",28,327,0.346758124892252,0,11.3917808219178
"328",28,328,0.346758124892252,0,10.2986301369863
"329",28,329,-0.770691071155749,0,10.9397260273973
"330",28,330,-0.291784296523036,1,10.8602739726027
"331",28,331,0.187122568499683,1,11.213698630137
"332",28,332,0.346758124892252,1,10.4493150684932
"333",28,333,-0.611055454503177,0,11.4712328767123
"343",28,343,-0.132148668571712,1,11.3424657534247
"365",28,365,1.7834786747654,1,10.0301369863014
"366",28,366,1.94311392985796,0,9.65205479452055
"376",28,376,0.346758124892252,0,11.8767123287671
"397",28,397,0.506393801804827,0,11.572602739726
"19",29,19,-0.930326687808322,1,11.213698630137
"98",29,98,0.0274868840546068,0,11.358904109589
"102",29,102,-1.08996230446089,0,10.6465753424658
"120",29,120,0.187122568499683,0,11.3369863013699
"121",29,121,0.506393801804827,1,10.8
"122",29,122,-0.291784296523036,0,11.2767123287671
"123",29,123,-0.451419837850604,1,10.4164383561644
"124",29,124,-1.08996230446089,0,10.8958904109589
"261",29,261,-0.930326687808322,0,11.2958904109589
"276",29,276,-0.291784296523036,1,11.0712328767123
"326",29,326,-0.451419837850604,0,11.2931506849315
"421",29,421,-0.930326687808322,0,13.027397260274
"745",30,745,0.346758124892252,1,10.386301369863
"746",30,746,0.825664914589967,0,11.1287671232877
"747",30,747,0.0274868840546068,1,10.4328767123288
"748",30,748,-0.132148668571712,0,10.9479452054795
"749",30,749,0.0274868840546068,0,10.9287671232877
"750",30,750,-0.291784296523036,1,10.7780821917808
"751",30,751,-0.451419837850604,0,10.5917808219178
"755",30,755,0.187122568499683,1,10.8082191780822
"789",30,789,0.985300470982537,0,10.5260273972603
"790",30,790,0.187122568499683,1,10.9561643835616
"791",30,791,0.666029358197397,1,10.7260273972603
"792",30,792,-0.291784296523036,1,11.3780821917808
"793",30,793,-0.291784296523036,1,11.5643835616438
"794",30,794,0.187122568499683,1,11.4520547945205
"865",30,865,0.187122568499683,1,10.627397260274
